,Year of Release,Game Title,Game Price,Score,Votes,Genre
0,2013,Tomb Raider,2.99,8.61,221421,Adventure
1,2013,Don't Starve,2.49,8.6,101301,Survival
2,2013,"Papers, Please",9.99,8.58,59499,Political
3,2013,The Wolf Among Us,14.99,8.58,30215,Adventure
4,2013,Outlast,19.99,8.57,100327,Horror
5,2013,Age of Empires II (2013),19.99,8.51,97127,Strategy
6,2013,Gunpoint,9.99,8.48,12343,Stealth
7,2013,The Walking Dead: Season Two,14.99,8.45,27239,Zombies
8,2013,Game Dev Tycoon,9.99,8.43,40140,Management
9,2013,Project Zomboid,19.99,8.39,194306,Survival
10,2013,BioShock Infinite,29.99,8.39,131532,FPS
11,2013,Call of Juarez: Gunslinger,14.99,8.38,32574,Western
12,2013,Trine 2: Complete Story,19.99,8.38,20782,Puzzle Platformer
13,2013,Dust: An Elysian Tail,2.99,8.37,17836,Action
14,2013,Brothers - A Tale of Two Sons,14.99,8.36,39774,Adventure
15,2013,Antichamber,19.99,8.32,15993,Puzzle
16,2013,LEGO® Marvel™ Super Heroes,19.99,8.32,19223,LEGO
17,2013,Skullgirls 2nd Encore,24.99,8.3,27769,Fighting
18,2013,PAC-MAN™ Championship Edition DX+,9.99,8.29,7369,Arcade
19,2013,Risk of Rain,9.99,8.27,28780,Action Roguelike
20,2013,Sonic & All-Stars Racing Transformed Collection,9.99,8.24,15586,Racing
21,2013,DmC: Devil May Cry,7.49,8.24,25586,Action
22,2013,Long Live The Queen,9.99,8.24,6823,Visual Novel
23,2013,The Stanley Parable,14.99,8.21,43308,Comedy
24,2013,The Swapper,14.99,8.2,7022,Puzzle
25,2013,FINAL FANTASY VII,5.99,8.2,23281,JRPG
26,2013,Space Rangers HD: A War Apart,14.99,8.2,5749,Space
27,2013,100% Orange Juice,6.99,8.2,24117,Anime
28,2013,Enigmatis 2: The Mists of Ravenwood,9.99,8.19,1384,Hidden Object
29,2013,Brutal Legend,4.49,8.18,17432,Action
30,2013,"Cook, Serve, Delicious!",9.99,8.18,5353,Time Management
31,2013,Rogue Legacy,2.99,8.18,18006,Roguevania
32,2013,Arma 3,29.99,8.17,243884,Action
33,2013,Shadow Warrior,2.99,8.16,24670,Action
34,2013,PAYDAY 2,9.99,8.15,618287,Co-op
35,2013,The Plan,0.0,8.14,22258,Atmospheric
36,2013,Deus Ex: Human Revolution - Director's Cut,2.99,8.14,25375,Cyberpunk
37,2013,SteamWorld Dig,9.99,8.13,6492,Platformer
38,2013,Race The Sun,9.99,8.13,6235,Procedural Generation
39,2013,Super House of Dead Ninjas,6.99,8.13,1591,Action Roguelike
40,2013,FEZ,9.99,8.12,13862,Platformer
41,2013,Super Amazing Wagon Adventure,2.99,8.11,1907,Action
42,2013,Spelunky,14.99,8.1,15416,Platformer
43,2013,Guacamelee! Gold Edition,5.24,8.1,5791,Metroidvania
44,2013,Just Cause 2: Multiplayer Mod,0.0,8.07,15055,Open World
45,2013,Baldur's Gate: Enhanced Edition,19.99,8.04,13081,RPG
46,2013,Touhou Kishinjou ~ Double Dealing Character.,14.99,8.04,283,Bullet Hell
47,2013,Papo & Yo,14.99,8.03,2768,3D Platformer
48,2013,Tetrobot and Co.,9.99,8.02,468,Puzzle
49,2013,140,4.99,8.02,4395,Platformer
50,2013,fault - milestone one,14.99,8.01,3169,Visual Novel
51,2013,7 Days to Die,24.99,8.01,255475,Survival
52,2013,Farming Simulator 2013 Titanium Edition,14.99,8.0,5016,Simulation
53,2013,If My Heart Had Wings,14.99,8.0,4399,Visual Novel
54,2013,Baldur's Gate II: Enhanced Edition,19.99,8.0,7970,RPG
55,2013,Old School RuneScape,0.0,7.99,13341,MMORPG
56,2013,Savant - Ascent,1.99,7.97,2777,Action
57,2013,Stick it to The Man!,7.99,7.96,777,Adventure
58,2013,Path of Exile,0.0,7.95,200620,Action RPG
59,2013,Saints Row IV: Re-Elected,19.99,7.95,76207,Open World
60,2013,Monaco: What's Yours Is Mine,14.99,7.95,8474,Co-op
61,2013,THE KING OF FIGHTERS XIII STEAM EDITION,19.99,7.95,9276,Fighting
62,2013,Sanctum 2,14.99,7.94,13963,Tower Defense
63,2013,BIT.TRIP Presents... Runner2: Future Legend of Rhythm Alien,14.99,7.94,2994,Rhythm
64,2013,Bleed,4.99,7.93,1860,Action
65,2013,Viscera Cleanup Detail: Santa's Rampage,2.49,7.93,5332,Simulation
66,2013,NARUTO SHIPPUDEN: Ultimate Ninja STORM 3 Full Burst HD,19.99,7.92,12591,Anime
67,2013,Rayman® Legends,5.99,7.9,6519,Platformer
68,2013,Batman™: Arkham Origins,19.99,7.89,43612,Action
69,2013,Contrast,9.99,7.89,5185,Female Protagonist
70,2013,Warframe,0.0,7.89,535479,Action RPG
71,2013,Tennis Elbow 2013,14.99,7.85,672,Tennis
72,2013,Hammerwatch,9.99,7.85,6280,Dungeon Crawler
73,2013,Ittle Dew,9.99,7.84,1245,Adventure
74,2013,Europa Universalis IV,39.99,7.84,116132,Grand Strategy
75,2013,Far Cry 3 - Blood Dragon,14.99,7.84,15078,FPS
76,2013,Nameless ~The one thing you must recall~,29.99,7.84,714,Dating Sim
77,2013,Electronic Super Joy,7.99,7.83,3332,Platformer
78,2013,Shadowrun Returns,14.99,7.82,12722,RPG
79,2013,Marlow Briggs and the Mask of Death,4.99,7.82,2122,Action
80,2013,Castle of Illusion,14.99,7.81,3158,Platformer
81,2013,Battlefield 4™,39.99,7.81,52844,FPS
82,2013,Clockwork Tales: Of Glass and Ink,9.99,7.8,1063,Hidden Object
83,2013,Garfield Kart,0.49,7.8,13411,Cult Classic
84,2013,FINAL FANTASY VIII,5.99,7.79,8375,JRPG
85,2013,TrackMania² Stadium,4.99,7.78,6325,Racing
86,2013,Dominions 4: Thrones of Ascension,34.99,7.78,1435,Strategy
87,2013,Drunken Wrestlers,0.0,7.77,544,Local Multiplayer
88,2013,Pool Nation,6.99,7.77,2745,Pool
89,2013,The Night of the Rabbit,19.99,7.76,2886,Adventure
90,2013,Cry of Fear,0.0,7.76,45217,Horror
91,2013,DLC Quest,2.99,7.75,6223,Platformer
92,2013,"10,000,000",4.99,7.75,2180,Match 3
93,2013,The Dark Eye: Memoria,19.99,7.75,2152,Adventure
94,2013,Slender: The Arrival,9.99,7.74,7617,Horror
95,2013,Samurai Gunn,14.99,7.73,433,Local Multiplayer
96,2013,The Inner World,14.99,7.73,1108,Adventure
97,2013,Oknytt,4.99,7.71,533,Singleplayer
98,2013,Nihilumbra,7.99,7.71,2840,Adventure
99,2013,Angry Video Game Nerd Adventures,4.99,7.7,3108,Platformer
100,2013,9 Clues: The Secret of Serpent Creek,9.99,7.7,1379,Hidden Object
101,2013,Intake,9.99,7.7,393,Action
102,2013,Sniper Elite: Nazi Zombie Army,14.99,7.7,4347,Zombies
103,2013,DuckTales: Remastered,3.74,7.69,6385,Platformer
104,2013,Nimble Quest,4.99,7.68,730,Casual
105,2013,Goodbye Deponia,19.99,7.68,2101,Adventure
106,2013,Ys I & II Chronicles+,4.49,7.68,2187,JRPG
107,2013,CastleStorm,9.99,7.67,1504,Funny
108,2013,Wargame: Airland Battle,19.99,7.67,4273,Strategy
109,2013,Organ Trail: Director's Cut,4.99,7.67,2898,Zombies
110,2013,Unholy Heights,3.99,7.66,1512,Immersive Sim
111,2013,The Bridge,9.99,7.66,4087,Puzzle Platformer
112,2013,Journey of a Roach,6.99,7.66,1767,Adventure
113,2013,Injustice: Gods Among Us Ultimate Edition,19.99,7.65,17956,Fighting
114,2013,Soundodger+,7.99,7.65,793,Casual
115,2013,Choice of the Deathless,4.99,7.64,320,Choose Your Own Adventure
116,2013,Skulls of the Shogun,9.99,7.64,726,Strategy
117,2013,Resident Evil Revelations,6.89,7.63,11562,Action
118,2013,Dota 2,0.0,7.62,1975632,MOBA
119,2013,Megabyte Punch,14.99,7.62,1081,Adventure
120,2013,MURI,4.99,7.62,472,Action
121,2013,SLAMMED!,6.99,7.61,108,RPG
122,2013,The Typing of The Dead: Overkill,19.99,7.61,3405,Typing
123,2013,Super Puzzle Platformer Deluxe,7.99,7.61,473,Action
124,2013,Eldritch,14.99,7.6,2101,Action Roguelike
125,2013,The Cave,4.49,7.59,2586,Adventure
126,2013,Nancy Drew®: Ghost of Thornton Hall,19.99,7.59,214,Adventure
127,2013,Sang-Froid - Tales of Werewolves,0.0,7.59,1880,Strategy
128,2013,Soul Gambler,2.99,7.58,2651,Visual Novel
129,2013,Sabres of Infinity,5.99,7.58,134,Adventure
130,2013,Super Sanctum TD,4.99,7.56,1510,Tower Defense
131,2013,Eryi's Action,4.99,7.56,1365,2D Platformer
132,2013,Crysis® 3,29.99,7.56,5169,Action
133,2013,Ultratron,12.99,7.56,658,Action
134,2013,PixelJunk™ Shooter,8.99,7.55,564,Action
135,2013,Knock-knock,9.99,7.54,1680,Horror
136,2013,ENSLAVED™: Odyssey to the West™ Premium Edition,19.99,7.54,6550,Adventure
137,2013,Gas Guzzlers Extreme,24.99,7.54,3628,Combat Racing
138,2013,Duck Life,3.99,7.54,153,Casual
139,2013,Artemis Spaceship Bridge Simulator,6.99,7.53,458,Simulation
140,2013,Train Simulator: Pacific Surfliner® LA - San Diego Route,19.99,7.53,33,Simulation
141,2013,The Apogee Throwback Pack,9.99,7.52,303,Action
142,2013,OMSI 2: Steam Edition,29.99,7.52,10107,Automobile Sim
143,2013,Vector,6.99,7.51,926,Parkour
144,2013,Sinking Simulator,0.99,7.51,3574,Simulation
145,2013,The Journey Down: Chapter One,6.99,7.51,1241,Adventure
146,2013,Shelter,14.99,7.47,3574,Adventure
147,2013,Nancy Drew®: The Silent Spy,19.99,7.46,110,Adventure
148,2013,Go Home Dinosaurs!,9.99,7.46,526,Tower Defense
149,2013,Sniper Elite: Nazi Zombie Army 2,14.99,7.46,4006,Zombies
150,2014,The Binding of Isaac: Rebirth,14.99,8.73,237490,Action Roguelike
151,2014,South Park™: The Stick of Truth™,7.49,8.62,55593,RPG
152,2014,BattleBlock Theater®,14.99,8.61,67670,Co-op
153,2014,The Room,4.99,8.56,23385,Puzzle
154,2014,One Finger Death Punch,4.99,8.54,16066,Action
155,2014,METAL GEAR RISING: REVENGEANCE,14.99,8.5,65450,Great Soundtrack
156,2014,The Expendabros,0.0,8.49,17792,Action
157,2014,Everlasting Summer,0.0,8.47,65734,Visual Novel
158,2014,Kingdom Rush - Tower Defense,9.99,8.44,11194,Tower Defense
159,2014,The Talos Principle,4.49,8.41,26518,Puzzle
160,2014,Valiant Hearts: The Great War™ / Soldats Inconnus : Mémoires de la Grande Guerre™,14.99,8.4,22875,Atmospheric
161,2014,Geometry Dash,3.99,8.39,234893,Difficult
162,2014,NEKOPARA Vol. 1,9.99,8.39,26181,Anime
163,2014,LISA: The Painful,9.99,8.39,12984,Dark Humor
164,2014,Shovel Knight: Treasure Trove,39.99,8.39,14859,Platformer
165,2014,Hexcells,2.99,8.34,5179,Puzzle
166,2014,Hexcells Infinite,4.99,8.32,3826,Puzzle
167,2014,Princess Remedy in a World of Hurt,0.0,8.32,2765,Female Protagonist
168,2014,Transistor,19.99,8.32,29289,Great Soundtrack
169,2014,LYNE,2.99,8.31,8024,Puzzle
170,2014,This War of Mine,19.99,8.3,91930,Survival
171,2014,Creeper World 3: Arc Eternal,14.99,8.29,4278,Tower Defense
172,2014,Mount Your Friends,4.99,8.26,7656,Funny
173,2014,Epic Battle Fantasy 4,14.99,8.26,2867,JRPG
174,2014,Alien: Isolation,39.99,8.26,51070,Horror
175,2014,Assetto Corsa,19.99,8.25,93824,Racing
176,2014,Bloons TD 5,9.99,8.25,10227,Tower Defense
177,2014,Resident Evil 4 (2005),4.99,8.25,63036,Inventory Management
178,2014,Rise of Nations: Extended Edition,4.99,8.24,12422,Strategy
179,2014,Sleeping Dogs: Definitive Edition,19.99,8.24,52876,Open World
180,2014,Middle-earth™: Shadow of Mordor™,9.99,8.24,79619,Open World
181,2014,Floating Point,0.0,8.24,3733,Relaxing
182,2014,Door Kickers,19.99,8.23,9329,Tactical
183,2014,Insurgency,14.99,8.23,124640,FPS
184,2014,Five Nights at Freddy's 2,7.99,8.22,16734,Horror
185,2014,Freedom Planet,14.99,8.21,4460,Platformer
186,2014,Choice of Robots,6.99,8.2,1948,Choose Your Own Adventure
187,2014,Five Nights at Freddy's,4.99,8.19,37093,Horror
188,2014,Age of Mythology: Extended Edition,7.49,8.18,29449,Strategy
189,2014,Life Goes On: Done to Death,12.99,8.18,2344,Funny
190,2014,Blackwell Epiphany,9.99,8.17,805,Adventure
191,2014,Lethal League,13.99,8.16,5992,Fighting
192,2014,Octodad: Dadliest Catch,14.99,8.16,9115,Comedy
193,2014,Hatoful Boyfriend,9.99,8.15,6947,Visual Novel
194,2014,Hidden in Plain Sight,5.99,8.14,475,Casual
195,2014,TowerFall Ascension,14.99,8.13,3088,Local Multiplayer
196,2014,A Story About My Uncle,14.99,8.13,28228,Adventure
197,2014,Double Action: Boogaloo,0.0,8.13,11205,Action
198,2014,Grim Legends: The Forsaken Bride,9.99,8.13,1452,Hidden Object
199,2014,One Way Heroics,3.49,8.12,3924,Side Scroller
200,2014,The Legend of Heroes: Trails in the Sky,9.99,8.12,7463,JRPG
201,2014,Amazing Frog?,15.99,8.11,8461,Funny
202,2014,Wolfenstein: The New Order,19.99,8.11,48945,FPS
203,2014,Fistful of Frags,0.0,8.11,34599,PvP
204,2014,Child of Light,14.99,8.1,12644,RPG
205,2014,Detective Grimoire,6.99,8.1,1761,Adventure
206,2014,Grim Legends 2: Song of the Dark Swan,9.99,8.09,1195,Hidden Object
207,2014,Hexcells Plus,2.99,8.09,2346,Puzzle
208,2014,Men of War: Assault Squad 2,29.99,8.09,38071,Strategy
209,2014,Jazzpunk: Director's Cut,14.99,8.08,6622,Comedy
210,2014,The Last Door - Collector's Edition,9.99,8.08,2092,Pixel Graphics
211,2014,Goat Simulator,9.99,8.07,63291,Simulation
212,2014,Farming Simulator 15,12.99,8.07,14230,Farming Sim
213,2014,Ikaruga,9.99,8.07,2035,Shoot 'Em Up
214,2014,NoLimits 2 Roller Coaster Simulation,39.99,8.07,1173,Simulation
215,2014,KAMI,3.99,8.07,1172,Puzzle
216,2014,Turbo Dismount™,9.99,8.07,5202,Funny
217,2014,Coming Out on Top,14.99,8.06,1297,Dating Sim
218,2014,Infested Planet,14.99,8.05,2770,Strategy
219,2014,Divinity: Original Sin (Classic),39.99,8.05,11650,RPG
220,2014,Guacamelee! Super Turbo Championship Edition,5.24,8.04,6170,Metroidvania
221,2014,Chicken Invaders 4,4.99,8.03,444,Action
222,2014,Banished,19.99,8.03,39693,City Builder
223,2014,UnEpic,12.99,8.02,7642,RPG
224,2014,Max: The Curse of Brotherhood,2.99,8.02,1374,Adventure
225,2014,Crimson Imprint plus -Nonexistent Christmas-,1.99,8.0,1982,Visual Novel
226,2014,Metro: Last Light Redux,19.99,7.99,57059,Post-apocalyptic
227,2014,The Last Sovereign,0.0,7.99,458,Dating Sim
228,2014,The Journey Down: Chapter Two,14.99,7.99,504,Atmospheric
229,2014,Super Panda Adventures,4.99,7.98,883,Platformer
230,2014,Bloons Monkey City,0.0,7.98,4657,Strategy
231,2014,Metro 2033 Redux,19.99,7.98,71344,Post-apocalyptic
232,2014,Sunrider: Mask of Arcadius,0.0,7.97,2761,Anime
233,2014,Momodora III,1.99,7.96,1184,Action
234,2014,Valkyria Chronicles™,4.99,7.96,12173,Anime
235,2014,Rodina,14.99,7.95,1315,Space
236,2014,FINAL FANTASY XIV Online,19.99,7.94,65436,MMORPG
237,2014,Black Ice,19.99,7.94,575,Exploration
238,2014,Crimsonland,13.99,7.93,2698,Action
239,2014,DARK SOULS™ II,24.99,7.93,40341,Souls-like
240,2014,ibb & obb,11.99,7.93,5989,Co-op
241,2014,LUFTRAUSERS,1.99,7.93,4221,Bullet Hell
242,2014,Shovel Knight: Shovel of Hope,14.99,7.92,653,Action
243,2014,Ultra Street Fighter® IV,3.74,7.91,13003,Fighting
244,2014,Town of Salem,4.99,7.91,36003,Strategy
245,2014,Sherlock Holmes: Crimes and Punishments,29.99,7.91,6048,Detective
246,2014,Escape Goat 2,9.99,7.91,405,Platformer
247,2014,Wargame: Red Dragon,29.99,7.9,17026,Strategy
248,2014,Voices from the Sea,0.0,7.89,1234,Visual Novel
249,2014,Boson X,2.99,7.89,1548,Difficult
250,2014,Legend of Grimrock 2,23.99,7.87,3390,Dungeon Crawler
251,2014,The Banner Saga,24.99,7.87,14662,RPG
252,2014,NEO Scavenger,14.99,7.86,4850,Survival
253,2014,Danmaku Amanojaku ~ Impossible Spell Card.,10.99,7.86,140,Bullet Hell
254,2014,METAL SLUG 3,7.99,7.86,7705,Arcade
255,2014,Lovely Planet,5.99,7.85,2576,Action
256,2014,Knightmare Tower,3.99,7.85,594,Action
257,2014,The Sims™ 4,0.0,7.85,96571,Life Sim
258,2014,Screencheat,14.99,7.85,1734,Split Screen
259,2014,Nidhogg,9.99,7.84,7361,Local Multiplayer
260,2014,Depth,19.99,7.84,32340,Action
261,2014,The Jackbox Party Pack,24.99,7.84,1630,Casual
262,2014,Sisyphus Reborn,0.0,7.84,934,Adventure
263,2014,Mountain,0.99,7.84,15975,Simulation
264,2014,Shadowrun: Dragonfall - Director's Cut,14.99,7.83,5839,RPG
265,2014,Craft The World,18.99,7.82,13676,Sandbox
266,2014,LEGO® Batman™ 3: Beyond Gotham,19.99,7.82,6531,LEGO
267,2014,Year Walk,5.99,7.82,1923,Horror
268,2014,Sokobond,14.99,7.81,550,Sokoban
269,2014,Tin Star,11.99,7.81,289,RPG
270,2014,Micron,2.99,7.81,166,Casual
271,2014,Marvin's Mittens,5.99,7.8,194,Adventure
272,2014,Super Trench Attack!,4.99,7.8,1257,Action
273,2014,Roundabout,9.99,7.79,557,FMV
274,2014,The Vanishing of Ethan Carter,19.99,7.79,8568,Mystery
275,2014,Sigils of Elohim,0.0,7.78,1054,Puzzle
276,2014,Danmaku Unlimited 2,4.99,7.78,438,Bullet Hell
277,2014,QP Shooting - Dangerous!!,7.99,7.78,480,Bullet Hell
278,2014,Icewind Dale: Enhanced Edition,19.99,7.78,2651,RPG
279,2014,Caravaneer 2,5.99,7.78,344,RPG
280,2014,Contraption Maker,9.99,7.78,1177,Puzzle
281,2014,Splatter - Zombiecalypse Now,6.99,7.77,2263,Action
282,2014,The Desolate Hope,0.0,7.77,1277,RPG
283,2014,BlazBlue: Continuum Shift Extend,19.99,7.76,1486,Fighting
284,2014,LOVE,2.99,7.76,1127,Platformer
285,2014,THE KING OF FIGHTERS '98 ULTIMATE MATCH FINAL EDITION,14.99,7.75,2404,Fighting
286,2014,Dungeonmans,14.99,7.75,986,Traditional Roguelike
287,2014,Home Sheep Home: Farmageddon Party Edition,9.99,7.74,243,Puzzle
288,2014,Dungeon of the ENDLESS™,11.99,7.74,11804,Roguelike
289,2014,Death Skid Marks,0.0,7.73,702,Action
290,2014,Monsters Ate My Birthday Cake,7.99,7.73,95,Adventure
291,2014,Letter Quest: Grimm's Journey,7.99,7.72,387,Casual
292,2014,Ryse: Son of Rome,9.99,7.72,34449,Hack and Slash
293,2014,The Counting Kingdom,6.99,7.72,107,Casual
294,2014,Xenonauts,24.99,7.71,4298,Turn-Based Strategy
295,2014,Desert Golfing,1.99,7.71,75,Sports
296,2014,Gabriel Knight: Sins of the Fathers 20th Anniversary Edition,19.99,7.7,979,Adventure
297,2014,Boring Man - Online Tactical Stickman Combat,0.0,7.7,5419,Side Scroller
298,2014,Cannon Brawl,14.99,7.7,777,Local Multiplayer
299,2014,Sentinels of the Multiverse,9.99,7.7,1491,Card Battler
300,2015,The Witcher® 3: Wild Hunt,39.99,8.66,717559,Open World
301,2015,BeamNG.drive,24.99,8.66,174319,Simulation
302,2015,Undertale,9.99,8.64,196150,Great Soundtrack
303,2015,Life is Strange - Episode 1,0.0,8.58,159767,Story Rich
304,2015,Broforce,2.99,8.57,51884,America
305,2015,Dying Light,29.99,8.56,378987,Zombies
306,2015,Duck Game,12.99,8.5,35053,Funny
307,2015,Keep Talking and Nobody Explodes,14.99,8.49,12106,Co-op
308,2015,Eternal Senia,0.0,8.48,11767,Anime
309,2015,Fran Bow,14.99,8.46,13415,Psychological Horror
310,2015,Kerbal Space Program,39.99,8.46,114555,Space
311,2015,HuniePop,9.99,8.46,29896,Nudity
312,2015,SOMA,29.99,8.46,35284,Horror
313,2015,Universe Sandbox,29.99,8.43,20161,Sandbox
314,2015,Crypt of the NecroDancer,14.99,8.42,22938,Rhythm
315,2015,Nuclear Throne,11.99,8.42,16505,Action Roguelike
316,2015,Hook,1.99,8.41,8633,Casual
317,2015,Mini Metro,9.99,8.39,13485,Strategy
318,2015,Refunct,2.99,8.38,16952,Parkour
319,2015,Cities: Skylines,29.99,8.38,228803,City Builder
320,2015,Downwell,0.98,8.38,7339,Precision Platformer
321,2015,Hylics,2.99,8.37,3652,Surreal
322,2015,Tabletop Simulator,19.99,8.34,58972,Tabletop
323,2015,GUILTY GEAR XX ACCENT CORE PLUS R,14.99,8.33,5676,Fighting
324,2015,The Legend of Heroes: Trails in the Sky SC,19.49,8.33,2778,JRPG
325,2015,Hotline Miami 2: Wrong Number,2.99,8.31,48094,Great Soundtrack
326,2015,TIS-100,6.99,8.29,3585,Programming
327,2015,Shower With Your Dad Simulator 2015: Do You Still Shower With Your Dad,0.99,8.28,9705,Family Friendly
328,2015,fault - milestone two side:above,14.99,8.27,2510,Visual Novel
329,2015,Hyperdimension Neptunia Re;Birth1,14.99,8.27,11686,Anime
330,2015,eden*,19.99,8.26,3129,Visual Novel
331,2015,Caves of Qud,19.99,8.25,5847,Roguelike
332,2015,NEKOPARA Vol. 0,2.99,8.25,17163,Anime
333,2015,Hacknet,9.99,8.24,22493,Hacking
334,2015,GemCraft - Chasing Shadows,9.99,8.23,3646,Tower Defense
335,2015,Higurashi When They Cry Hou - Ch.1 Onikakushi,0.0,8.23,4038,Visual Novel
336,2015,Touhou Kanjuden ~ Legacy of Lunatic Kingdom.,14.99,8.22,1026,Bullet Hell
337,2015,Viscera Cleanup Detail,12.99,8.21,18040,Simulation
338,2015,Gaokao.Love.100Days,9.99,8.2,6920,Dating Sim
339,2015,Cat Goes Fishing,6.99,8.2,8418,Fishing
340,2015,Mad Max,19.99,8.19,67874,Open World
341,2015,Timberman,0.99,8.18,11159,Casual
342,2015,Contradiction: Spot The Liar,12.99,8.16,2824,Detective
343,2015,Software Inc.,15.99,8.16,5918,Management
344,2015,DISTRAINT: Deluxe Edition,4.99,8.16,11126,Horror
345,2015,Resident Evil,4.99,8.16,19904,Survival Horror
346,2015,"Dr. Langeskov, The Tiger, and The Terribly Cursed Emerald: A Whirlwind Heist",0.0,8.15,9306,Comedy
347,2015,THE KING OF FIGHTERS 2002 UNLIMITED MATCH,14.99,8.15,3698,Fighting
348,2015,Hyperdimension Neptunia Re;Birth3 V Generation,14.99,8.15,3304,Anime
349,2015,METAL GEAR SOLID V: THE PHANTOM PAIN,4.99,8.15,83516,Stealth
350,2015,Spooky's Jump Scare Mansion,0.0,8.15,13604,Horror
351,2015,The Jackbox Party Pack 2,24.99,8.14,1842,Trivia
352,2015,Dungeon Warfare,9.99,8.14,1709,Tower Defense
353,2015,Mushihimesama,6.99,8.14,1202,Bullet Hell
354,2015,Relic Hunters Zero: Remix,0.0,8.13,6762,Looter Shooter
355,2015,SimplePlanes,12.99,8.12,9337,Automation
356,2015,The Silent Age,9.99,8.11,6774,Point & Click
357,2015,Five Nights at Freddy's 4,7.99,8.11,11092,Horror
358,2015,Higurashi When They Cry Hou - Ch.2 Watanagashi,7.99,8.11,1040,Visual Novel
359,2015,Car Mechanic Simulator 2015,19.99,8.11,14278,Automobile Sim
360,2015,Automation - The Car Company Tycoon Game,29.99,8.1,9665,Simulation
361,2015,Infinifactory,24.99,8.1,2281,Puzzle
362,2015,Chicken Invaders 5,4.99,8.1,889,Casual
363,2015,Love at First Sight,9.99,8.1,1272,Visual Novel
364,2015,Reassembly,14.99,8.1,3694,Building
365,2015,Human Resource Machine,14.99,8.09,3859,Programming
366,2015,HELLDIVERS™ Dive Harder Edition,19.99,8.09,23851,Online Co-Op
367,2015,Bullet Heaven 2,14.99,8.09,413,Bullet Hell
368,2015,Aviary Attorney,14.99,8.08,1963,Visual Novel
369,2015,Hero of the Kingdom II,7.99,8.07,2262,Adventure
370,2015,Kitty Powers' Matchmaker,9.99,8.07,1239,Simulation
371,2015,Prison Architect,29.99,8.07,65467,Simulation
372,2015,Paint it Back,7.99,8.06,484,Puzzle
373,2015,Tormentum - Dark Sorrow,11.99,8.06,2461,Point & Click
374,2015,Chroma Squad,14.99,8.05,4037,RPG
375,2015,12 Labours of Hercules,2.99,8.04,2934,Casual
376,2015,Viridi,0.0,8.04,8486,Relaxing
377,2015,Technobabylon,14.99,8.04,1383,Adventure
378,2015,Clicker Heroes,0.0,8.03,58785,Clicker
379,2015,Assault Android Cactus+,19.99,8.03,1826,Bullet Hell
380,2015,Lovers in a Dangerous Spacetime,14.99,8.03,3473,Local Co-Op
381,2015,Shantae and the Pirate's Curse,19.99,8.01,2471,Platformer
382,2015,Kingdom: Classic,0.0,8.01,20095,Singleplayer
383,2015,Endless Sky,0.0,8.01,5833,Space
384,2015,Streets of Fury EX,9.99,8.01,626,Beat 'em up
385,2015,A Good Snowman Is Hard To Build,14.99,8.0,820,Cute
386,2015,Rampage Knights,3.89,8.0,3401,Co-op
387,2015,Barony,14.99,8.0,4685,Action Roguelike
388,2015,Divinity: Original Sin - Enhanced Edition,39.99,7.99,23620,RPG
389,2015,Robot Roller-Derby Disco Dodgeball,9.99,7.99,3856,Arena Shooter
390,2015,Quell,3.99,7.99,370,Puzzle
391,2015,Dropsy,0.99,7.98,1781,Point & Click
392,2015,"Invisible, Inc.",19.99,7.98,5253,Stealth
393,2015,LEGO® Jurassic World,19.99,7.97,7065,LEGO
394,2015,Axiom Verge,19.99,7.97,5164,Metroidvania
395,2015,The Escapists,17.99,7.96,15475,Pixel Graphics
396,2015,Grow Home,1.99,7.96,5108,Open World
397,2015,Hyperdimension Neptunia Re;Birth2: Sisters Generation,14.99,7.96,3119,Anime
398,2015,Lakeview Cabin Collection,9.99,7.96,1712,Survival Horror
399,2015,Endless ATC,6.99,7.96,324,Immersive Sim
400,2015,Jigoku Kisetsukan: Sense of the Seasons,0.0,7.96,1745,Bullet Hell
401,2015,Devil May Cry 4 Special Edition,7.49,7.95,13258,Action
402,2015,Amnesia™: Memories,9.99,7.94,3182,Otome
403,2015,Kero Blaster,9.99,7.94,1222,Side Scroller
404,2015,Dino Run DX,5.99,7.94,1275,Dinosaurs
405,2015,A Kiss For The Petals - Remembering How We Met,7.99,7.93,1529,Female Protagonist
406,2015,Renowned Explorers: International Society,19.99,7.93,2730,Strategy
407,2015,Duet,4.99,7.92,756,Action
408,2015,Nyan Cat: Lost In Space,2.49,7.92,1715,Memes
409,2015,Blockwick 2,9.99,7.92,169,Casual
410,2015,Gravity Ghost,14.99,7.92,292,Great Soundtrack
411,2015,Tom Clancy's Rainbow Six® Siege,7.99,7.92,1133365,FPS
412,2015,Grim Fandango Remastered,14.99,7.91,6957,Adventure
413,2015,Sky Force Anniversary,9.99,7.91,1910,Shoot 'Em Up
414,2015,"Guns, Gore & Cannoli",9.99,7.91,3081,Action
415,2015,Wolfenstein: The Old Blood,19.99,7.9,16753,FPS
416,2015,Spooky Bonus,9.99,7.9,281,Casual
417,2015,Secrets of Grindea,14.99,7.9,5951,Action RPG
418,2015,DRAGON BALL XENOVERSE,39.99,7.9,17550,Anime
419,2015,Regency Solitaire,9.99,7.9,699,Solitaire
420,2015,AdVenture Capitalist,0.0,7.89,54506,Clicker
421,2015,Emily is Away,0.0,7.89,30912,Story Rich
422,2015,Templar Battleforce,9.99,7.89,882,Turn-Based Tactics
423,2015,Hand of Fate,19.99,7.89,10294,Roguelike Deckbuilder
424,2015,Fausts Alptraum,0.0,7.89,996,Horror
425,2015,Snakebird,6.99,7.89,1018,Puzzle
426,2015,The Fruit of Grisaia,19.99,7.89,976,Visual Novel
427,2015,HyperRogue,9.99,7.88,398,Traditional Roguelike
428,2015,Grand Theft Auto V,0.0,7.88,1550256,Open World
429,2015,Zoombinis,9.99,7.88,967,Casual
430,2015,Monstrum,17.99,7.88,2933,Horror
431,2015,Voidspire Tactics,14.99,7.88,232,RPG
432,2015,The Magic Circle,19.99,7.88,1363,Adventure
433,2015,Flywrench,6.99,7.87,291,Action
434,2015,Koi-Koi Japan [Hanafuda playing cards],9.99,7.87,1087,Casual
435,2015,Her Story,9.99,7.87,8404,Detective
436,2015,Farm Frenzy Collection,19.99,7.87,301,Casual
437,2015,Turbo Pug,1.99,7.87,3381,Pixel Graphics
438,2015,Snail Bob 2: Tiny Troubles,4.99,7.86,176,Casual
439,2015,Pink Hour,0.0,7.86,971,Pixel Graphics
440,2015,Party Hard,9.99,7.86,9298,Pixel Graphics
441,2015,SanctuaryRPG: Black Edition,7.99,7.86,1532,RPG
442,2015,Westerado: Double Barreled,14.99,7.85,1781,Western
443,2015,Dreaming Sarah,5.99,7.85,2584,Metroidvania
444,2015,Carpe Diem,0.0,7.85,8323,Anime
445,2015,Tokyo School Life,14.99,7.85,668,Anime
446,2015,Five Nights at Freddy's 3,7.99,7.84,7938,Horror
447,2015,GUILTY GEAR Xrd -SIGN-,29.99,7.84,2372,Fighting
448,2015,Divide By Sheep,4.99,7.84,2535,Puzzle
449,2015,Pillars of Eternity,7.49,7.83,22000,RPG
450,2016,Stardew Valley,14.99,8.82,562880,Farming Sim
451,2016,Don't Starve Together,1.49,8.63,390443,Survival
452,2016,OneShot,3.99,8.63,35386,Story Rich
453,2016,American Truck Simulator,19.99,8.6,126392,Automobile Sim
454,2016,VA-11 Hall-A: Cyberpunk Bartender Action,14.99,8.57,31563,Cyberpunk
455,2016,Iron Snout,0.0,8.53,17023,2D Fighter
456,2016,INSIDE,19.99,8.53,47162,2.5D
457,2016,The Room Two,4.99,8.52,16205,Puzzle
458,2016,DOOM,19.99,8.52,177836,FPS
459,2016,Enter the Gungeon,5.99,8.51,72647,Bullet Hell
460,2016,STEINS;GATE,11.99,8.49,14549,Visual Novel
461,2016,Human: Fall Flat,19.99,8.48,183052,Co-op
462,2016,"Hot Dogs, Horseshoes & Hand Grenades",19.99,8.48,17940,Sandbox
463,2016,Titanfall® 2,29.99,8.47,161626,FPS
464,2016,Ori and the Blind Forest: Definitive Edition,4.99,8.47,57799,Atmospheric
465,2016,DARK SOULS™ III,59.99,8.47,349176,Souls-like
466,2016,Shadow Tactics: Blades of the Shogun,39.99,8.47,33649,Stealth
467,2016,Sally Face - Episode One,2.99,8.46,14980,Story Rich
468,2016,Ultimate Chicken Horse,14.99,8.45,33416,Funny
469,2016,Danganronpa 2: Goodbye Despair,7.99,8.45,22176,Anime
470,2016,Danganronpa: Trigger Happy Havoc,7.99,8.45,25503,Anime
471,2016,NEKOPARA Vol. 2,9.99,8.45,12327,Anime
472,2016,Rabi-Ribi,17.99,8.41,10666,Anime
473,2016,Rise of the Tomb Raider™,3.99,8.39,117353,Adventure
474,2016,Blood and Bacon,0.99,8.38,30546,Gore
475,2016,Glass Masquerade,4.99,8.37,5850,Puzzle
476,2016,Plague Inc: Evolved,14.99,8.37,47316,Strategy
477,2016,Kingdom Rush Frontiers - Tower Defense,9.99,8.36,6982,Tower Defense
478,2016,The Jackbox Party Pack 3,24.99,8.35,5258,Trivia
479,2016,My Summer Car,14.99,8.35,52633,Automobile Sim
480,2016,Grim Dawn,24.99,8.34,83474,Action RPG
481,2016,Bit Blaster XL,0.99,8.34,6105,Arcade
482,2016,klocki,1.99,8.33,4539,Relaxing
483,2016,TY the Tasmanian Tiger,14.99,8.33,2384,3D Platformer
484,2016,Pony Island,4.99,8.33,13828,Puzzle
485,2016,Mad Father,9.99,8.32,4008,Horror
486,2016,Rusty Lake: Roots,2.99,8.32,5792,Puzzle
487,2016,Montaro,0.99,8.32,12148,Memes
488,2016,Starbound,14.99,8.31,160483,Open World Survival Craft
489,2016,Day of the Tentacle Remastered,14.99,8.31,3876,Point & Click
490,2016,SpeedRunners,14.99,8.3,34625,Racing
491,2016,Scrap Mechanic,19.99,8.3,97388,Building
492,2016,Rusty Lake Hotel,1.99,8.3,6840,Puzzle
493,2016,Devil Daggers,9.99,8.28,8037,FPS
494,2016,Zup! 2,1.99,8.27,6394,Puzzle
495,2016,Hearts of Iron IV,39.99,8.27,228148,Strategy
496,2016,DEADBOLT,9.99,8.26,4675,Pixel Graphics
497,2016,EARTH DEFENSE FORCE 4.1 The Shadow of New Despair,9.99,8.26,8615,Action
498,2016,The Elder Scrolls V: Skyrim Special Edition,39.99,8.26,250688,Open World
499,2016,Brick Rigs,18.99,8.25,32269,Sandbox
500,2016,Lucy -The Eternity She Wished For-,9.99,8.25,7561,Visual Novel
501,2016,LiEat,2.99,8.25,4123,Anime
502,2016,Shakes and Fidget,0.0,8.25,30372,RPG
503,2016,Crazy Machines 3,9.99,8.25,9290,Simulation
504,2016,Farming Simulator 17,14.99,8.23,22334,Farming Sim
505,2016,The Lab,0.0,8.22,5695,Action
506,2016,Transmissions: Element 120,0.0,8.22,9387,Action
507,2016,ASTRONEER,29.99,8.22,105923,Open World
508,2016,Epistory - Typing Chronicles,14.99,8.22,6093,Typing
509,2016,FINAL FANTASY IX,10.49,8.21,9258,JRPG
510,2016,Hyper Light Drifter,19.99,8.21,16173,Pixel Graphics
511,2016,MANDAGON,0.0,8.21,5495,Pixel Graphics
512,2016,Darkest Dungeon®,24.99,8.2,124243,Turn-Based Combat
513,2016,Trick & Treat,0.0,8.2,2185,Pixel Graphics
514,2016,Zup!,1.99,8.2,8356,Puzzle
515,2016,ABZU,19.99,8.2,23217,Relaxing
516,2016,Momodora: Reverie Under The Moonlight,9.99,8.2,10032,Metroidvania
517,2016,The Thrill of the Fight - VR Boxing,9.99,8.19,3441,Sports
518,2016,GUILTY GEAR Xrd REV 2,29.99,8.19,8924,Fighting
519,2016,The House in Fata Morgana,24.99,8.19,3331,Visual Novel
520,2016,Wuppo: Definitive Edition,14.99,8.18,5032,Metroidvania
521,2016,SHENZHEN I/O,14.99,8.18,3610,Programming
522,2016,Kindred Spirits on the Roof,34.99,8.17,1170,Visual Novel
523,2016,Learn to Fly 3,0.0,8.17,7667,Casual
524,2016,Clustertruck,14.99,8.17,13620,Parkour
525,2016,Google Earth VR,0.0,8.17,3500,Simulation
526,2016,Hello Charlotte EP2: Requiem Aeternam Deo,0.0,8.17,1166,RPG
527,2016,Brigador: Up-Armored Edition,8.99,8.17,4825,Cyberpunk
528,2016,PRICE,0.0,8.16,4933,Puzzle
529,2016,Tayutama 2-you're the only one-,10.49,8.15,2314,Anime
530,2016,Samorost 3,19.99,8.15,4036,Point & Click
531,2016,Eleven Table Tennis,29.99,8.15,3022,Sports
532,2016,SENRAN KAGURA SHINOVI VERSUS,9.99,8.15,3708,Anime
533,2016,Higurashi When They Cry Hou - Ch.3 Tatarigoroshi,7.99,8.15,665,Visual Novel
534,2016,Zenge,0.99,8.15,2946,Puzzle
535,2016,SteamWorld Heist,14.99,8.14,4888,Strategy
536,2016,Rec Room,0.0,8.14,50816,Online Co-Op
537,2016,NARUTO SHIPPUDEN: Ultimate Ninja STORM 4,5.99,8.14,76314,Anime
538,2016,Turmoil,9.99,8.13,11373,Mining
539,2016,Planet Coaster,44.99,8.13,59212,Simulation
540,2016,Angels of Death,5.99,8.13,4112,Puzzle
541,2016,Megadimension Neptunia VII,19.99,8.13,3106,Anime
542,2016,SEUM: Speedrunners from Hell,14.99,8.13,2845,3D Platformer
543,2016,Zeus + Poseidon,9.99,8.11,1379,City Builder
544,2016,Highway Blossoms,12.99,8.11,2462,Story Rich
545,2016,Out There Somewhere,0.99,8.1,6894,Platformer
546,2016,Beholder,9.99,8.1,23507,Dystopian 
547,2016,Death Road to Canada,14.99,8.1,7369,Pixel Graphics
548,2016,Oxenfree,9.99,8.1,10598,Story Rich
549,2016,Umineko When They Cry - Question Arcs,24.99,8.09,1587,Great Soundtrack
550,2016,Khimera: Destroy All Monster Girls,0.0,8.09,1323,Platformer
551,2016,Ara Fell: Enhanced Edition,7.49,8.08,1755,RPG
552,2016,Titan Quest Anniversary Edition,19.99,8.08,30550,RPG
553,2016,Brief Karate Foolish,0.0,8.08,2633,Psychological Horror
554,2016,Flowers -Le volume sur printemps-,19.99,8.08,1507,Female Protagonist
555,2016,Creeper World: Anniversary Edition,4.99,8.07,676,Strategy
556,2016,Stephen's Sausage Roll,29.99,8.07,1348,Puzzle
557,2016,ACE Academy,19.99,8.07,1456,Choose Your Own Adventure
558,2016,Narcissu 10th Anniversary Anthology Project,2.99,8.06,527,Visual Novel
559,2016,N++ (NPLUSPLUS),14.99,8.06,2799,Precision Platformer
560,2016,BLUE REVOLVER,14.99,8.06,401,Shoot 'Em Up
561,2016,Melody's Escape,9.99,8.06,4825,Music-Based Procedural Generation
562,2016,Poly Bridge,9.99,8.06,15754,Building
563,2016,The Count Lucanor,1.99,8.06,2154,Horror
564,2016,Recursed,7.99,8.05,433,Puzzle
565,2016,SUPERHOT,24.99,8.05,34025,Action
566,2016,Motorsport Manager,19.99,8.05,12356,Management
567,2016,Tattletail,4.99,8.05,3240,Horror
568,2016,Higurashi When They Cry Hou - Ch.4 Himatsubushi,5.99,8.04,471,Visual Novel
569,2016,Bloons TD Battles,0.0,8.04,27307,Tower Defense
570,2016,Hue,14.99,8.04,1973,Adventure
571,2016,ICEY,10.99,8.03,23879,Action
572,2016,Melty Blood Actress Again Current Code,24.99,8.03,3803,Anime
573,2016,Orwell: Keeping an Eye On You,9.99,8.01,14058,Choices Matter
574,2016,Season of 12 Colors,2.99,8.01,1973,Casual
575,2016,Lazerbait,0.0,8.01,488,Strategy
576,2016,Muv-Luv (マブラヴ),11.99,8.01,1022,Visual Novel
577,2016,DoDonPachi Resurrection,10.49,8.01,810,Bullet Hell
578,2016,Zombie Night Terror,2.59,8.0,3090,Zombies
579,2016,POSTAL Redux,8.99,8.0,4245,Online Co-Op
580,2016,Rocksmith® 2014 Edition - Remastered,29.99,8.0,21211,Music
581,2016,FINAL FANTASY X/X-2 HD Remaster,14.99,8.0,15810,JRPG
582,2016,Dragon's Dogma: Dark Arisen,4.79,8.0,32847,RPG
583,2016,Accounting (Legacy),0.0,8.0,2464,Adventure
584,2016,Crush Crush,0.0,8.0,23224,Dating Sim
585,2016,Five Nights at Freddy's: Sister Location,7.99,7.99,9767,Horror
586,2016,Picross Touch,0.0,7.99,1378,Puzzle
587,2016,Overcooked,16.99,7.99,13260,Local Co-Op
588,2016,Slayaway Camp,8.99,7.99,766,Puzzle
589,2016,Valley,14.99,7.99,6362,Adventure
590,2016,Stellaris,39.99,7.98,146892,Space
591,2016,Kathy Rain,9.99,7.98,3568,Point & Click
592,2016,DRAGON BALL XENOVERSE 2,49.99,7.98,40821,Anime
593,2016,Furi,19.99,7.98,10614,Action
594,2016,Supipara - Chapter 1 Spring Has Come!,14.99,7.98,229,Adventure
595,2016,Move or Die,14.99,7.98,21864,Funny
596,2016,Lara Croft GO,1.99,7.97,3213,Puzzle
597,2016,Tricky Towers,14.99,7.97,13303,Party Game
598,2016,Lost Lands: Mahjong,0.0,7.97,4947,Casual
599,2016,Wild Animal Racing,3.99,7.97,2563,Dating Sim
600,2017,Hollow Knight,14.99,8.7,286905,Metroidvania
601,2017,Slime Rancher,19.99,8.69,106237,Cute
602,2017,A Hat in Time,29.99,8.63,46611,Cute
603,2017,Doki Doki Literature Club!,0.0,8.62,186919,Psychological Horror
604,2017,Cuphead,19.99,8.6,135441,Difficult
605,2017,Ravenfield,17.99,8.58,58579,FPS
606,2017,Divinity: Original Sin 2 - Definitive Edition,44.99,8.57,161707,Tactical RPG
607,2017,Finding Paradise,9.99,8.52,15059,Story Rich
608,2017,VTOL VR,29.99,8.51,11651,Flight
609,2017,Gorogoa,14.99,8.49,13994,Puzzle
610,2017,CarX Drift Racing Online,14.99,8.46,61183,Racing
611,2017,West of Loathing,10.99,8.45,8375,RPG
612,2017,NEKOPARA Vol. 3,9.99,8.44,11609,Anime
613,2017,Touhou Tenkuushou ~ Hidden Star in Four Seasons.,14.99,8.44,4452,Bullet Hell
614,2017,Resident Evil 7 Biohazard,7.99,8.44,71354,Horror
615,2017,Little Nightmares,19.99,8.43,88531,Horror
616,2017,What Remains of Edith Finch,19.99,8.42,32374,Story Rich
617,2017,Rivals of Aether,29.99,8.4,28020,Fighting
618,2017,Superflight,2.99,8.38,10368,Flight
619,2017,Opus Magnum,19.99,8.38,5159,Puzzle
620,2017,Hidden Folks,14.99,8.38,8541,Hidden Object
621,2017,planetarian HD,9.99,8.37,2116,Visual Novel
622,2017,Stick Fight: The Game,4.99,8.37,107979,Funny
623,2017,DEEP SPACE WAIFU,4.99,8.34,8589,Anime
624,2017,Alien Swarm: Reactive Drop,0.0,8.33,19136,Top-Down
625,2017,Rusted Warfare - RTS,4.99,8.33,3594,RTS
626,2017,Pavlov VR,24.99,8.32,35840,Shooter
627,2017,Rakuen,14.99,8.32,5407,Story Rich
628,2017,Total War: WARHAMMER II,59.99,8.31,119577,Strategy
629,2017,Kindergarten,4.99,8.3,6229,Funny
630,2017,Raging Loop,19.49,8.3,3865,Adventure
631,2017,Cinderella Phenomenon - Otome/Visual Novel,0.0,8.3,3764,Otome
632,2017,Darkwood,14.99,8.29,15351,Horror
633,2017,Unturned,0.0,8.29,510628,Survival
634,2017,Dungeons 3,29.99,8.29,17250,Strategy
635,2017,Orbt XL,0.99,8.28,3237,Casual
636,2017,Monolith,7.99,8.28,1650,Roguelite
637,2017,Freddy Fazbear's Pizzeria Simulator,0.0,8.27,23125,Horror
638,2017,SteamWorld Dig 2,19.99,8.27,5720,Adventure
639,2017,Cat Quest,12.99,8.25,6995,Adventure
640,2017,Life is Strange: Before the Storm,16.99,8.25,35957,Story Rich
641,2017,Empires of the Undergrowth,19.99,8.25,8238,Strategy
642,2017,SCP: Secret Laboratory,0.0,8.23,158692,Horror
643,2017,Majotori,2.39,8.23,1521,Trivia
644,2017,Sonic Mania,9.99,8.23,22365,Great Soundtrack
645,2017,Night in the Woods,19.99,8.22,15209,Story Rich
646,2017,Battle Chef Brigade Deluxe,19.99,8.21,2185,Action
647,2017,Heat Signature,14.99,8.21,6554,Space
648,2017,Angels with Scaly Wings™ / 鱗羽の天使,9.99,8.21,1547,Dragons
649,2017,Crawl,14.99,8.21,6410,Pixel Graphics
650,2017,The Legend of Heroes: Trails of Cold Steel,19.99,8.2,4742,JRPG
651,2017,Kingdoms and Castles,14.99,8.2,24212,City Builder
652,2017,OLDTV,0.0,8.2,5322,Great Soundtrack
653,2017,Little Busters! English Edition,34.99,8.19,696,Visual Novel
654,2017,Cattails | Become a Cat!,14.99,8.19,2273,Cats
655,2017,SENRAN KAGURA ESTIVAL VERSUS,11.99,8.18,4936,Nudity
656,2017,BlazBlue Centralfiction,39.99,8.17,8833,Fighting
657,2017,Planescape: Torment: Enhanced Edition,19.99,8.17,3755,RPG
658,2017,Soda Dungeon,0.0,8.17,5747,RPG
659,2017,Sudoku Universe / 数独宇宙,1.99,8.17,2267,Casual
660,2017,Meltys Quest,19.99,8.17,1963,Dating Sim
661,2017,The Darkside Detective,14.99,8.16,3646,Point & Click
662,2017,The Long Dark,34.99,8.16,97056,Survival
663,2017,Draw Puzzle 画之谜,4.99,8.16,811,Casual
664,2017,The Evil Within 2,39.99,8.16,24642,Horror
665,2017,Misao: Definitive Edition,4.99,8.16,1605,Horror
666,2017,Bayonetta,6.99,8.16,23961,Action
667,2017,Spooky's Jump Scare Mansion: HD Renovation,9.99,8.15,2080,Horror
668,2017,Linelight,9.99,8.15,899,Casual
669,2017,Muv-Luv Alternative (マブラヴ オルタネイティヴ),19.99,8.14,2127,Visual Novel
670,2017,The Jackbox Party Pack 4,24.99,8.14,2735,Casual
671,2017,Zup! 7,1.99,8.14,1998,Puzzle
672,2017,Zero Escape: The Nonary Games,8.99,8.14,4409,Visual Novel
673,2017,X-Plane 11,29.99,8.14,15681,Simulation
674,2017,Rain World,24.99,8.13,15322,Atmospheric
675,2017,Hellblade: Senua's Sacrifice,7.49,8.13,55406,Atmospheric
676,2017,Pictopix,6.99,8.12,1035,Puzzle
677,2017,Cogmind,19.99,8.11,1359,Traditional Roguelike
678,2017,Emily is Away Too,4.99,8.11,5375,Simulation
679,2017,Outlast 2,29.99,8.11,42711,Horror
680,2017,Tales of Berseria™,49.99,8.1,16293,Anime
681,2017,Tametsi,2.99,8.09,805,Puzzle
682,2017,Space Pirate Trainer,14.99,8.09,2756,Action
683,2017,Car Mechanic Simulator 2018,19.99,8.09,45678,Simulation
684,2017,WILL: A Wonderful World / WILL：美好世界,14.99,8.09,5171,Visual Novel
685,2017,Okami HD,9.99,8.09,7413,Adventure
686,2017,Sniper Elite 4,59.99,8.09,47247,Sniper
687,2017,Thimbleweed Park™,19.99,8.08,3568,Adventure
688,2017,I Expect You To Die,24.99,8.08,2314,Puzzle
689,2017,Nightshade／百花百狼,34.99,8.08,646,Otome
690,2017,Confess My Love,0.0,8.08,4413,RPG
691,2017,Ancient Warfare 3,12.99,8.08,2038,Sandbox
692,2017,Aircar,0.0,8.08,1995,Casual
693,2017,Zombie Estate 2,4.99,8.08,564,Action
694,2017,We Were Here,0.0,8.07,22517,Co-op
695,2017,Zup! 6,1.99,8.07,2208,Puzzle
696,2017,Pinkman,0.99,8.07,538,Casual
697,2017,Charlie Murder,9.99,8.07,1604,Action
698,2017,Short Stories Collection of Class Tangerine,7.99,8.07,860,Casual
699,2017,Forts,14.99,8.07,15103,Base Building
700,2017,Prey,29.99,8.07,42741,Sci-fi
701,2017,Symphonic Rain,15.99,8.06,647,Visual Novel
702,2017,Ken Follett's The Pillars of the Earth,19.99,8.06,5803,Choices Matter
703,2017,Dominions 5 - Warriors of the Faith,39.99,8.05,1957,Strategy
704,2017,The End Is Nigh,14.99,8.05,2688,Precision Platformer
705,2017,Deep Space Waifu: FLAT JUSTICE,2.99,8.05,2209,Dating Sim
706,2017,Banyu Lintar Angin - Little Storm -,0.0,8.04,722,Casual
707,2017,Zup! 5,1.99,8.04,2602,Puzzle
708,2017,A Sky Full of Stars 仰望夜空的星辰,17.99,8.04,749,Choose Your Own Adventure
709,2017,Subsurface Circular,5.99,8.04,1732,Adventure
710,2017,Consummate:Missing World 寇莎梅特：困世迷情,0.99,8.03,1013,RPG
711,2017,Open Sorcery,3.99,8.03,321,Adventure
712,2017,Bai Qu: Hundreds of Melodies,4.99,8.03,663,Casual
713,2017,Zup! Zero,1.99,8.03,2514,Puzzle
714,2017,HIVESWAP: ACT 1,7.99,8.03,3816,Adventure
715,2017,NEKO-NIN exHeart,9.99,8.03,969,Anime
716,2017,"Peace, Death!",1.49,8.02,1961,Funny
717,2017,Four Last Things,7.99,8.02,925,Adventure
718,2017,The Escapists 2,19.99,8.02,26157,Strategy
719,2017,Higurashi When They Cry Hou - Ch. 5 Meakashi,7.99,8.02,509,Adventure
720,2017,家有大貓 Nekojishi,0.0,8.02,4015,Visual Novel
721,2017,MudRunner,19.99,8.02,28110,Offroad
722,2017,Under Leaves,4.99,8.01,585,Hidden Object
723,2017,Bleed 2,9.99,8.01,787,Action
724,2017,Blackberry Honey,12.99,8.01,484,Visual Novel
725,2017,The Legend of Heroes: Trails in the Sky the 3rd,22.49,8.01,1512,RPG
726,2017,D'LIRIUM,4.99,8.0,894,Violent
727,2017,The Sexy Brutale,19.99,8.0,3320,Puzzle
728,2017,TY the Tasmanian Tiger 2,14.99,8.0,636,Adventure
729,2017,Umineko When They Cry - Answer Arcs,29.99,8.0,831,Great Soundtrack
730,2017,Wonderful Everyday Down the Rabbit-Hole,17.99,8.0,1215,Visual Novel
731,2017,Paradigm,14.99,8.0,1446,Adventure
732,2017,Sky Force Reloaded,9.99,7.99,1929,Shoot 'Em Up
733,2017,20XX,14.99,7.98,4097,Platformer
734,2017,Batman: The Enemy Within - The Telltale Series,14.99,7.98,7087,Adventure
735,2017,Dream Daddy: A Dad Dating Simulator,14.99,7.97,5510,Dating Sim
736,2017,Colony Survival,19.99,7.97,6676,Colony Sim
737,2017,The Dishwasher: Vampire Smile,9.99,7.96,1091,Action
738,2017,Bridge Constructor Portal,9.99,7.96,4662,Strategy
739,2017,Fantasynth One,0.0,7.96,456,Audio Production
740,2017,D&D Lords of Waterdeep,9.99,7.95,1343,Strategy
741,2017,SeaBed,19.99,7.95,401,Visual Novel
742,2017,Soulslayer～灭魂·误佳期～,9.99,7.95,551,Adventure
743,2017,Golf It!,8.99,7.95,21627,Mini Golf
744,2017,3030 Deathwar Redux - A Space Odyssey,14.99,7.94,1080,Adventure
745,2017,Full Throttle Remastered,14.99,7.94,2397,Adventure
746,2017,Fate/EXTELLA,39.99,7.94,4021,Anime
747,2017,Killer Instinct,9.99,7.94,3844,Fighting
748,2017,Yomawari: Midnight Shadows,5.99,7.94,660,Horror
749,2017,Love Ribbon,9.99,7.94,1778,Dating Sim
750,2018,RimWorld,27.99,8.73,159666,Colony Sim
751,2018,Bloons TD 6,13.99,8.71,251806,Tower Defense
752,2018,Dead Cells,24.99,8.65,131107,Adventure
753,2018,Celeste,19.99,8.65,72615,Precision Platformer
754,2018,Subnautica,9.89,8.64,227897,Open World Survival Craft
755,2018,The Forest,19.99,8.59,479028,Open World Survival Craft
756,2018,GRIS,4.24,8.55,62620,Beautiful
757,2018,Mirror,0.79,8.54,86858,Dating Sim
758,2018,Blade and Sorcery,19.99,8.53,41230,Swordplay
759,2018,DUSK,19.99,8.53,18418,FPS
760,2018,Just Shapes & Beats,19.99,8.52,16786,Rhythm
761,2018,Return of the Obra Dinn,19.99,8.48,20564,Detective
762,2018,Zup! S,1.99,8.47,11935,Puzzle
763,2018,Epic Battle Fantasy 5,24.99,8.46,4635,Funny
764,2018,Yakuza 0,19.99,8.45,58928,Story Rich
765,2018,Kenshi,13.49,8.45,67959,Open World
766,2018,Ultimate Custom Night,0.0,8.44,46529,Horror
767,2018,Cube Escape: Paradox,0.0,8.42,7828,Puzzle
768,2018,Aim Lab,0.0,8.39,86920,FPS
769,2018,Farming Simulator 19,19.99,8.37,67535,Simulation
770,2018,Summer Pockets,44.99,8.37,2192,Adventure
771,2018,Fox Hime Zero,0.59,8.37,4564,Visual Novel
772,2018,The Room Three,5.99,8.37,9412,Puzzle
773,2018,Zup! X,1.99,8.35,6179,Puzzle
774,2018,NEKOPARA Extra,4.99,8.35,3420,Anime
775,2018,House Flipper,24.99,8.35,74050,Simulation
776,2018,Lethal League Blaze,19.99,8.34,5548,Action
777,2018,Sabbat of the Witch,14.99,8.34,2101,Visual Novel
778,2018,Coloring Pixels,0.0,8.33,5995,Pixel Graphics
779,2018,Among Us,4.99,8.32,659893,Online Co-Op
780,2018,Lobotomy Corporation | Monster Management Simulation,24.99,8.32,25089,Management
781,2018,Flowers -Le volume sur ete-,19.99,8.31,1012,Visual Novel
782,2018,Into the Breach,14.99,8.3,17073,Strategy
783,2018,Hello Charlotte EP3: Childhood's End,2.99,8.3,1425,Gore
784,2018,Acting Lessons,9.99,8.3,4731,Dating Sim
785,2018,STEINS;GATE 0,13.99,8.29,4822,Visual Novel
786,2018,Mark of the Ninja: Remastered,7.99,8.29,4789,Stealth
787,2018,The Walking Dead: The Final Season,19.99,8.29,15128,Story Rich
788,2018,Maitetsu:Pure Station,24.99,8.29,3214,Dating Sim
789,2018,Meteor 60 Seconds!,0.0,8.28,4187,Funny
790,2018,Kingdom Rush Origins - Tower Defense,14.99,8.28,5277,Tower Defense
791,2018,Farm Together,19.99,8.28,19494,Agriculture
792,2018,FAR: Lone Sails,14.99,8.27,14147,Atmospheric
793,2018,Airships: Conquer the Skies,24.99,8.27,4832,Grand Strategy
794,2018,Miracle Snack Shop,9.99,8.27,2214,Dating Sim
795,2018,Zup! 8,1.99,8.26,3903,Puzzle
796,2018,Yoku's Island Express,19.99,8.26,3986,Pinball
797,2018,The Witch's House MV,10.49,8.26,2443,Horror
798,2018,SYNTHETIK: Legion Rising,19.99,8.25,11603,Roguelite
799,2018,Door Kickers: Action Squad,13.99,8.24,8854,Pixel Graphics
800,2018,Bean Battles,0.99,8.24,8716,Action
801,2018,The Void Rains Upon Her Heart,12.99,8.23,556,Action Roguelike
802,2018,CrossCode,19.99,8.23,13861,Action RPG
803,2018,DISTRAINT 2,8.99,8.23,3369,Psychological Horror
804,2018,The Red Strings Club,4.94,8.22,9524,Cyberpunk
805,2018,Frostpunk,29.99,8.21,90608,City Builder
806,2018,永冻之壳 The Shell of Permafrost,0.0,8.21,1036,RPG
807,2018,Parkitect,29.99,8.2,6387,Management
808,2018,The Messenger,4.99,8.2,8434,Retro
809,2018,KovaaK's,9.99,8.18,28092,Action
810,2018,The Crown of Leaves,4.99,8.18,1687,Adventure
811,2018,Monster Prom,11.99,8.18,12285,Dating Sim
812,2018,The Ditzy Demons Are in Love With Me,24.99,8.18,1451,Visual Novel
813,2018,Wandersong,19.99,8.18,2980,Music
814,2018,killer7,4.99,8.17,2316,Cult Classic
815,2018,Akane,4.99,8.17,2314,Cyberpunk
816,2018,My Brother Rabbit,14.99,8.17,1572,Adventure
817,2018,Rusty Lake Paradise,3.99,8.17,3834,Puzzle
818,2018,Heartbound,9.99,8.17,1433,Story Rich
819,2018,Do Not Feed the Monkeys,11.99,8.17,8171,Point & Click
820,2018,"one night, hot springs",0.0,8.17,2283,Visual Novel
821,2018,Unavowed,14.99,8.16,1941,Adventure
822,2018,東方幕華祭 TouHou Makuka Sai ~ Fantastic Danmaku Festival,8.99,8.15,1175,Bullet Hell
823,2018,Mhakna Gramura and Fairy Bell,4.99,8.15,579,Casual
824,2018,Marie's Room,0.0,8.15,6014,Story Rich
825,2018,Hentai Girl,0.99,8.15,13795,Dating Sim
826,2018,Crash Bandicoot™ N. Sane Trilogy,39.99,8.15,14782,3D Platformer
827,2018,Pit People®,19.99,8.15,7540,Online Co-Op
828,2018,Moss,19.99,8.15,2812,Action-Adventure
829,2018,Hentai Girl Linda,0.99,8.14,4594,Dating Sim
830,2018,DEEP SPACE WAIFU: NEKOMIMI,3.99,8.14,1024,Nudity
831,2018,"OH MY GOD, LOOK AT THIS KNIGHT",0.0,8.14,1815,Adventure
832,2018,Liftoff®: FPV Drone Racing,19.99,8.14,6929,Simulation
833,2018,Scalak,1.99,8.14,840,Casual
834,2018,The House in Fata Morgana: A Requiem for Innocence,14.99,8.14,792,Adventure
835,2018,Bloodstained: Curse of the Moon,4.99,8.13,3776,Action
836,2018,The Awesome Adventures of Captain Spirit,0.0,8.13,12877,Story Rich
837,2018,Horizon Chase Turbo,19.99,8.13,4900,Racing
838,2018,PIPE by BMX Streets,9.99,8.13,5909,Sports
839,2018,Yume Nikki,0.0,8.12,5653,Psychological Horror
840,2018,Swarmlake,2.99,8.12,1646,FPS
841,2018,Noel the Mortal Fate S1-7,10.49,8.12,1854,Adventure
842,2018,Delete,1.99,8.12,1324,Casual
843,2018,RetroMaze,0.99,8.12,1167,Casual
844,2018,Two Point Hospital,7.49,8.12,30062,Simulation
845,2018,Jet Island,19.99,8.12,1578,Action
846,2018,Higurashi When They Cry Hou - Ch.6 Tsumihoroboshi,7.99,8.12,465,Visual Novel
847,2018,Chinese Parents,5.99,8.12,22674,Psychological Horror
848,2018,"Guns, Gore and Cannoli 2",12.99,8.12,3585,Action
849,2018,DYO,0.0,8.11,949,Local Co-Op
850,2018,Megaquarium,9.99,8.1,2669,Simulation
851,2018,Rolling Line,19.99,8.1,1630,Trains
852,2018,Ding Dong XL,0.99,8.1,727,Casual
853,2018,ISLAND,27.99,8.1,1297,Visual Novel
854,2018,ZeroRanger,11.99,8.1,1246,Shoot 'Em Up
855,2018,Kaori After Story,9.99,8.09,449,Choose Your Own Adventure
856,2018,Super Ledgehop: Double Laser,0.99,8.09,616,Rhythm
857,2018,A Raven Monologue,0.0,8.09,2403,Casual
858,2018,Zero-K,0.0,8.09,3051,Strategy
859,2018,TSIOQUE,13.99,8.09,1563,Adventure
860,2018,Google Spotlight Stories: Age of Sail,0.0,8.09,436,Adventure
861,2018,Dungreed,9.99,8.09,7980,Action Roguelike
862,2018,Lost in Vivo,11.99,8.09,2704,Psychological Horror
863,2018,Montaro RE,0.99,8.08,1223,Casual
864,2018,DARK SOULS™: REMASTERED,39.99,8.08,77987,Souls-like
865,2018,The Hex,9.99,8.08,3027,Singleplayer
866,2018,Hentai Girl Hime,0.99,8.08,4044,Dating Sim
867,2018,UNDER NIGHT IN-BIRTH Exe:Late[cl-r],24.99,8.08,3299,2D Fighter
868,2018,DRAGON BALL FighterZ,59.99,8.08,60910,Fighting
869,2018,I'm on Observation Duty,2.99,8.08,1324,Horror
870,2018,Distance,24.99,8.07,6706,Racing
871,2018,Gachi Heroes,0.99,8.07,2025,Memes
872,2018,"Warhammer 40,000: Mechanicus",29.99,8.07,11187,Warhammer 40K
873,2018,Overcooked! 2,24.99,8.07,48339,Online Co-Op
874,2018,Adventure of a Lifetime,12.99,8.07,752,Adventure
875,2018,Bad North: Jotunn Edition,14.99,8.07,8020,Real Time Tactics
876,2018,The Bard's Tale Trilogy,2.99,8.07,1201,RPG
877,2018,The Legend of Heroes: Trails of Cold Steel II,19.99,8.06,2404,JRPG
878,2018,Hexologic,2.99,8.06,917,Logic
879,2018,Katamari Damacy REROLL,29.99,8.06,4591,Great Soundtrack
880,2018,Aimtastic,0.0,8.05,2583,Action
881,2018,TREE,0.0,8.05,2052,Casual
882,2018,Deep Space Waifu: FANTASY,3.99,8.05,1162,Nudity
883,2018,EXAPUNKS,19.99,8.05,1522,Programming
884,2018,Genital Jousting,0.69,8.05,9822,Dating Sim
885,2018,Crystalline,19.99,8.05,1341,Choose Your Own Adventure
886,2018,The Gardens Between,19.99,8.04,2338,Short
887,2018,Wolf Tails,9.99,8.04,840,Dating Sim
888,2018,BallisticNG,14.99,8.04,2645,Combat Racing
889,2018,Wizard of Legend,15.99,8.04,17705,Action Roguelike
890,2018,Assassin's Creed® Odyssey,59.99,8.04,137202,Open World
891,2018,Hakuoki: Edo Blossoms,9.99,8.04,740,Otome
892,2018,Kingdom Two Crowns,19.99,8.03,18894,Base Building
893,2018,Overload,29.99,8.03,1798,Action
894,2018,东方试闻广纪 ~ Perfect Memento of Touhou Question,0.0,8.03,838,Casual
895,2018,428: Shibuya Scramble,9.99,8.03,1574,Visual Novel
896,2018,Fate Seeker,21.09,8.02,12607,RPG
897,2018,Cheeky Chooks,0.0,8.02,2381,Casual
898,2018,GROUND BRANCH,29.99,8.02,13295,Tactical
899,2018,TerraTech,12.49,8.01,19424,Building
900,2019,People Playground,9.99,8.8,180429,Sandbox
901,2019,Slay the Spire,24.99,8.7,130962,Roguelike Deckbuilder
902,2019,Katana ZERO,8.99,8.66,56724,Pixel Graphics
903,2019,Resident Evil 2,9.99,8.65,130845,Zombies
904,2019,A Short Hike,7.99,8.61,13187,Adventure
905,2019,Oxygen Not Included,24.99,8.58,99375,Colony Sim
906,2019,Baba Is You,14.99,8.55,17673,Puzzle
907,2019,Grimm's Hollow,0.0,8.55,11003,Pixel Graphics
908,2019,Sekiro™: Shadows Die Twice - GOTY Edition,59.99,8.54,230397,Souls-like
909,2019,Phoenix Wright: Ace Attorney Trilogy,14.99,8.53,18879,Detective
910,2019,Beat Saber,29.99,8.51,68329,Rhythm
911,2019,Devil May Cry 5,9.89,8.5,101129,Action
912,2019,Touhou Luna Nights,17.99,8.49,12136,Metroidvania
913,2019,Kind Words (lo fi chill beats to write to),4.99,8.49,8159,Emotional
914,2019,Tales of the Black Forest,1.19,8.49,9481,RPG
915,2019,Unheard - Voices of Crime,6.99,8.48,26953,Detective
916,2019,Age of Empires II: Definitive Edition,13.39,8.46,121641,Strategy
917,2019,Gravitas,0.0,8.44,6038,Puzzle
918,2019,My Friend Pedro,4.99,8.42,25534,Action
919,2019,Streets of Rogue,19.99,8.42,18053,Roguelite
920,2019,Muse Dash,2.99,8.42,85562,Music
921,2019,Zup! F,1.99,8.41,7936,Puzzle
922,2019,Aokana - Four Rhythms Across the Blue,17.49,8.41,3999,Visual Novel
923,2019,Sayonara Wild Hearts,12.99,8.39,7153,Great Soundtrack
924,2019,missed messages.,0.0,8.39,13833,Visual Novel
925,2019,Monster Girl Island: Prologue,0.0,8.39,16459,Dating Sim
926,2019,Mindustry,9.99,8.39,14332,Base Building
927,2019,FIVE NIGHTS AT FREDDY'S: HELP WANTED,29.99,8.38,9466,Horror
928,2019,WolfQuest: Anniversary Edition,19.99,8.38,5828,Life Sim
929,2019,Kindergarten 2,14.99,8.37,3358,Adventure
930,2019,Bug Fables: The Everlasting Sapling,11.99,8.37,4087,RPG
931,2019,NGU IDLE,0.0,8.36,9851,Idler
932,2019,Nova Drift,17.99,8.36,9743,Action Roguelike
933,2019,Bloodstained: Ritual of the Night,39.99,8.35,33923,Metroidvania
934,2019,异化之恶〇Abnormal Treatment,0.0,8.34,2927,RPG
935,2019,Backbone: Prologue,0.0,8.34,4115,Adventure
936,2019,PC Building Simulator,4.99,8.33,47336,Simulation
937,2019,A Dance of Fire and Ice,5.99,8.33,51974,Rhythm
938,2019,Master Of Pottery,5.99,8.33,2542,Simulation
939,2019,Halo: The Master Chief Collection,15.99,8.33,204211,Great Soundtrack
940,2019,月影魅像-解放之羽-,15.99,8.33,2682,Visual Novel
941,2019,Hypnospace Outlaw,19.99,8.32,3210,1990's
942,2019,Disco Elysium - The Final Cut,39.99,8.32,75299,RPG
943,2019,ISLANDERS,4.99,8.32,14732,Relaxing
944,2019,Yakuza Kiwami 2,19.99,8.31,12233,Action
945,2019,Neon Beats,0.0,8.31,6093,Rhythm
946,2019,A Plague Tale: Innocence,39.99,8.31,52153,Story Rich
947,2019,Supraland,19.99,8.3,10558,Puzzle
948,2019,SpaceEngine,24.99,8.3,7741,Open World
949,2019,Fluffy Store,0.59,8.3,2976,Visual Novel
950,2019,Spyro™ Reignited Trilogy,39.99,8.3,17003,Adventure
951,2019,One Finger Death Punch 2,7.99,8.29,4064,Action
952,2019,Dream Ending,3.99,8.29,2534,Casual
953,2019,We Become What We Behold [Fan-Made Port],0.0,8.29,3314,Violent
954,2019,Pikuniku,3.24,8.29,6619,Casual
955,2019,TouHou Makuka Sai ~ Fantastic Danmaku Festival Part II,12.99,8.28,2072,Bullet Hell
956,2019,AVICII Invector,19.99,8.28,2835,Casual
957,2019,The Coin Game,13.99,8.27,4333,Life Sim
958,2019,Don't Escape: 4 Days to Survive,14.99,8.27,1701,Adventure
959,2019,Blood™ Fresh Supply,9.99,8.27,5687,FPS
960,2019,Cat Quest II,14.99,8.27,3950,Adventure
961,2019,Descenders,24.99,8.25,13708,Sports
962,2019,DOTOKOI / 像素男友,0.0,8.25,955,Casual
963,2019,异常 | Exception,3.99,8.25,1679,Strategy
964,2019,9-nine-:Episode 2,19.99,8.24,1014,Dating Sim
965,2019,Smile For Me,12.99,8.24,2154,Puzzle
966,2019,Agent A: A puzzle in disguise,19.99,8.24,3906,Logic
967,2019,Reventure,7.99,8.24,7945,Adventure
968,2019,RED HOT VENGEANCE,0.0,8.24,2857,Violent
969,2019,Pilgrims,6.99,8.24,2989,Hand-drawn
970,2019,EARTH DEFENSE FORCE 5,23.99,8.23,8028,Action
971,2019,Yuppie Psycho: Executive Edition,16.66,8.23,6021,Puzzle
972,2019,Later Alligator,17.99,8.22,1940,Point & Click
973,2019,MX Bikes,34.99,8.22,12026,Motocross
974,2019,AMID EVIL,19.99,8.22,5650,FPS
975,2019,I wanna be the Creator,4.19,8.22,2382,Action
976,2019,Necesse,9.99,8.21,6152,Open World Survival Craft
977,2019,Otaku's Adventure,6.99,8.2,6671,Funny
978,2019,BirdGut,0.0,8.2,4097,Adventure
979,2019,What Never Was,0.0,8.2,4601,Adventure
980,2019,My Time At Portia,29.99,8.2,39779,RPG
981,2019,觅长生,12.74,8.2,19604,RPG
982,2019,Splitgate,0.0,8.2,108793,FPS
983,2019,Tiny Snow,3.99,8.19,3504,Visual Novel
984,2019,60 Seconds! Reatomized,9.99,8.19,10853,Strategy
985,2019,GORN,11.99,8.19,7821,Action
986,2019,Yakuza Kiwami,19.99,8.19,15904,Action
987,2019,Project Arrhythmia,11.99,8.18,1815,Music
988,2019,Tangle Tower,19.99,8.18,3054,Detective
989,2019,STEINS;GATE: My Darling's Embrace,11.99,8.18,906,Visual Novel
990,2019,The Good Time Garden,0.0,8.18,2177,Nudity
991,2019,FrostRunner,0.0,8.17,3203,Parkour
992,2019,Touhou Kikeijuu ~ Wily Beast and Weakest Creature.,14.99,8.17,935,Bullet Hell
993,2019,沉睡的法则 Things as They Are,5.99,8.17,978,JRPG
994,2019,No Time,10.99,8.17,1224,Time Travel
995,2019,Red Dead Redemption 2,59.99,8.17,400364,Open World
996,2019,Mushroom Cats,0.0,8.16,1441,Casual
997,2019,BONEWORKS,29.99,8.16,33352,Physics
998,2019,Hentai Girl Karen,0.99,8.16,4358,Anime
999,2019,Gato Roboto,1.99,8.16,3364,Metroidvania
1000,2019,The Jackbox Party Pack 6,29.99,8.16,2553,Trivia
1001,2019,There is No GreenDam,0.0,8.15,1623,Visual Novel
1002,2019,人间 The Lost We Lost,3.99,8.15,2270,Simulation
1003,2019,祈風 Inorikaze,10.99,8.15,349,Adventure
1004,2019,Kao the Kangaroo: Round 2 (2003 re-release),0.99,8.14,7506,Adventure
1005,2019,Fantasy Girl,0.99,8.14,4847,Dating Sim
1006,2019,Hentai Girl Fantasy,0.99,8.14,3967,Dating Sim
1007,2019,Minion Masters,0.0,8.13,60630,Real Time Tactics
1008,2019,Shotgun Farmers,9.99,8.13,9444,Action
1009,2019,The Political Process,14.99,8.12,1479,Political Sim
1010,2019,Assetto Corsa Competizione,39.99,8.12,25736,Racing
1011,2019,Touhou Fantasia / 东方梦想曲,0.0,8.12,1417,Action
1012,2019,Trailmakers,24.99,8.11,15563,Puzzle
1013,2019,旅燕归航 Swallow Homing,0.0,8.11,605,Visual Novel
1014,2019,Zup! 9,1.99,8.11,1475,Puzzle
1015,2019,沙雕之路,10.0,8.1,939,RPG
1016,2019,Hot Lava,19.99,8.1,4993,Precision Platformer
1017,2019,APE OUT,3.74,8.1,2672,Violent
1018,2019,寄甡 Symbiotic Love,6.99,8.1,1259,Casual
1019,2019,Terminator: Resistance,39.99,8.09,11544,FPS
1020,2019,LOVE³ -Love Cube-,9.99,8.09,2377,Dating Sim
1021,2019,Planet Zoo,44.99,8.09,67873,Management
1022,2019,Hello Neighbor Alpha 2,0.0,8.09,2302,Horror
1023,2019,DATE A LIVE: Rio Reincarnation,39.99,8.09,2742,Simulation
1024,2019,DARQ: Complete Edition,19.99,8.09,3497,Horror
1025,2019,Spring Falls,6.99,8.08,653,Casual
1026,2019,The Long Drive,15.99,8.08,21800,Automobile Sim
1027,2019,Baldr Sky,49.99,8.08,1079,Visual Novel
1028,2019,STEINS;GATE: Linear Bounded Phenogram,23.99,8.07,580,Adventure
1029,2019,"I Love You, Colonel Sanders! A Finger Lickin’ Good Dating Simulator",0.0,8.07,11883,Dating Sim
1030,2019,Derail Valley,19.99,8.07,3045,Simulation
1031,2019,Seen,2.99,8.07,8578,Adventure
1032,2019,Mutazione,19.99,8.07,818,Relaxing
1033,2019,The Expression Amrilato,24.99,8.07,585,Story Rich
1034,2019,Don't Escape Trilogy,4.99,8.06,261,Adventure
1035,2019,Ultra Fight Da ! Kyanta 2,0.0,8.06,842,Fighting
1036,2019,When the Darkness comes,0.0,8.06,7951,Psychological Horror
1037,2019,Pathologic 2,34.99,8.06,8193,Story Rich
1038,2019,Voxelgram,9.99,8.06,393,Puzzle
1039,2019,Frog Detective 2: The Case of the Invisible Wizard,4.99,8.06,1366,Comedy
1040,2019,Shipped,9.99,8.05,581,Local Multiplayer
1041,2019,Fate/EXTELLA LINK,49.99,8.05,3865,Anime
1042,2019,Swords & Souls: Neverseen,14.99,8.05,3785,RPG
1043,2019,Forager,19.99,8.05,34312,Open World Survival Craft
1044,2019,逝去的回忆3：四叶草之梦,9.99,8.04,585,RPG
1045,2019,Pizza Game,9.99,8.04,287,Casual
1046,2019,Heart of the Woods,14.99,8.04,712,Story Rich
1047,2019,Unsung Warriors - Prologue,0.0,8.04,1367,Adventure
1048,2019,STAR WARS Jedi: Fallen Order™,39.99,8.04,125893,Action-Adventure
1049,2019,The World is Your Weapon,9.99,8.04,555,Roguelike
1050,2020,Hades,24.99,8.79,225104,Action Roguelike
1051,2020,Half-Life: Alyx,59.99,8.71,80045,FPS
1052,2020,Phasmophobia,13.99,8.7,550465,Horror
1053,2020,Helltaker,0.0,8.69,111404,Cute
1054,2020,ULTRAKILL,24.99,8.68,59865,FPS
1055,2020,Deep Rock Galactic,9.89,8.67,205446,Co-op
1056,2020,The Henry Stickmin Collection,14.99,8.66,36966,Funny
1057,2020,Satisfactory,29.99,8.64,129090,Base Building
1058,2020,OMORI,19.99,8.64,55458,Psychological Horror
1059,2020,Risk of Rain 2,24.99,8.61,233551,Third-Person Shooter
1060,2020,Senren＊Banka,34.99,8.61,13479,Visual Novel
1061,2020,Factorio,35.0,8.6,165573,Automation
1062,2020,Persona 4 Golden,14.99,8.59,62360,JRPG
1063,2020,Ori and the Will of the Wisps,5.99,8.59,110114,Beautiful
1064,2020,ATRI -My Dear Moments-,20.99,8.56,11435,Visual Novel
1065,2020,Our Life: Beginnings & Always,0.0,8.55,9031,Visual Novel
1066,2020,There Is No Game: Wrong Dimension,12.99,8.55,18993,Adventure
1067,2020,The Test,1.99,8.5,18391,Choose Your Own Adventure
1068,2020,Black Mesa,19.99,8.49,94776,FPS
1069,2020,Milk inside a bag of milk inside a bag of milk,0.99,8.49,17314,Visual Novel
1070,2020,Virtual Cottage,0.0,8.46,7787,Relaxing
1071,2020,Besiege,14.99,8.45,45274,Building
1072,2020,Outer Wilds,24.99,8.44,48373,Exploration
1073,2020,Wobbly Life,14.99,8.44,12582,Adventure
1074,2020,Cube Escape Collection,4.99,8.44,4575,Puzzle
1075,2020,Noita,19.99,8.44,53007,Physics
1076,2020,Riddle Joker,21.69,8.44,3475,Visual Novel
1077,2020,The Test: Final Revelation,1.99,8.44,4914,Simulation
1078,2020,NEKOPARA Vol. 4,9.99,8.43,7867,Dating Sim
1079,2020,Spiritfarer®: Farewell Edition,5.99,8.43,30265,Emotional
1080,2020,The Test: Hypothesis Rising,1.99,8.43,5452,Simulation
1081,2020,Post Void,2.99,8.42,8004,Psychedelic
1082,2020,Monster Train,4.99,8.42,18259,Card Battler
1083,2020,Desperados III,39.99,8.42,11438,Strategy
1084,2020,Samsara Room,0.0,8.42,7347,Adventure
1085,2020,Being a DIK - Season 1,13.99,8.4,9553,Dating Sim
1086,2020,The Supper,0.0,8.4,3224,Pixel Graphics
1087,2020,Maitetsu:Last Run!!,34.99,8.4,2878,Dating Sim
1088,2020,Marco & The Galaxy Dragon,19.99,8.4,4794,Visual Novel
1089,2020,shapez,9.99,8.39,9421,Automation
1090,2020,Yakuza: Like a Dragon,14.99,8.39,20728,RPG
1091,2020,Star Fetchers,0.0,8.39,6347,Action
1092,2020,Alba: A Wildlife Adventure,16.99,8.39,4176,Casual
1093,2020,Detroit: Become Human,39.99,8.39,81666,Choices Matter
1094,2020,Monster Prom 2: Monster Camp,11.99,8.38,5126,Dating Sim
1095,2020,Carto,19.99,8.38,6021,Cute
1096,2020,There Is No Game: Jam Edition 2015,0.0,8.38,5594,Casual
1097,2020,Cats Organized Neatly,2.99,8.37,2912,Cats
1098,2020,Vampires' Melody,1.19,8.37,3467,Casual
1099,2020,5D Chess With Multiverse Time Travel,11.99,8.36,5956,Chess
1100,2020,Untitled Goose Game,19.99,8.36,14259,Funny
1101,2020,Door Kickers 2: Task Force North,24.99,8.36,6451,Strategy
1102,2020,The Walking Dead: The Telltale Definitive Series,49.99,8.36,10601,Choices Matter
1103,2020,Epiphyllum in Love,3.99,8.35,1802,Casual
1104,2020,Leaf Blower Revolution - Idle Game,0.0,8.33,19281,Idler
1105,2020,Journey,14.99,8.33,24723,Beautiful
1106,2020,The Room VR: A Dark Matter,29.99,8.33,3096,Adventure
1107,2020,Superliminal,19.99,8.32,22216,Puzzle
1108,2020,The Pedestrian,19.99,8.32,3473,Puzzle
1109,2020,Tukoni,0.0,8.32,3157,Adventure
1110,2020,Zup! Z,1.99,8.32,3831,Puzzle
1111,2020,The Jackbox Party Pack 7,29.99,8.31,3858,Party Game
1112,2020,Fireworks Mania - An Explosive Simulator,11.99,8.3,4170,Sandbox
1113,2020,Sakuya Izayoi Gives You Advice And Dabs,0.99,8.3,1889,Casual
1114,2020,千面 Melancholy Love,4.99,8.3,1662,Casual
1115,2020,CARRION,7.99,8.3,19474,Villain Protagonist
1116,2020,Coloring Game 2,0.0,8.29,3182,Casual
1117,2020,SpongeBob SquarePants: Battle for Bikini Bottom - Rehydrated,29.99,8.28,13746,Adventure
1118,2020,Coffee Talk,12.99,8.28,7822,Conversation
1119,2020,Poly Bridge 2,14.99,8.27,6398,Building
1120,2020,It Steals,4.99,8.27,907,Survival Horror
1121,2020,Songs for a Hero - Definitive Edition,14.99,8.26,3246,2D Platformer
1122,2020,Manifold Garden,19.99,8.26,4571,Puzzle
1123,2020,像素女友,0.0,8.26,1243,RPG
1124,2020,DRAGON BALL Z: KAKAROT,59.99,8.26,40787,Action
1125,2020,ShellShock Live,6.99,8.26,32224,Tanks
1126,2020,ARMORED HEAD,4.99,8.26,898,Arena Shooter
1127,2020,Chronicon,13.99,8.26,8270,Loot
1128,2020,Project Wingman,24.99,8.26,13185,Flight
1129,2020,A Space For The Unbound - Prologue,0.0,8.25,1251,Pixel Graphics
1130,2020,Vecter,0.0,8.25,2849,Racing
1131,2020,Aokana - Four Rhythms Across the Blue - EXTRA1,9.85,8.25,993,Adventure
1132,2020,Songs of Syx,24.99,8.24,2535,City Builder
1133,2020,Hylics 2,14.99,8.24,1934,RPG
1134,2020,Kingdom Rush Vengeance - Tower Defense,19.99,8.24,6504,Tower Defense
1135,2020,Tiny Bunny: Prologue,0.0,8.24,1889,Horror
1136,2020,Crusader Kings III,49.99,8.24,89289,Strategy
1137,2020,YOU and ME and HER: A Love Story,29.99,8.24,2583,Visual Novel
1138,2020,Some Some Convenience Store,14.99,8.23,2924,Dating Sim
1139,2020,The Riftbreaker: Prologue,0.0,8.23,4084,Base Building
1140,2020,Baldi's Basics Plus,9.99,8.23,2453,Roguelite
1141,2020,泡沫冬景,14.99,8.22,4252,Adventure
1142,2020,TROUBLESHOOTER: Abandoned Children,24.99,8.22,7588,CRPG
1143,2020,LEWDAPOCALYPSE Hentai Evil,0.99,8.22,6555,Dating Sim
1144,2020,Creeper World 4,24.99,8.21,3351,Tower Defense
1145,2020,The Life and Suffering of Sir Brante — Chapter 1&2,0.0,8.2,2019,Interactive Fiction
1146,2020,a new life.,2.99,8.2,1799,Story Rich
1147,2020,Return to Shironagasu Island,4.99,8.2,2384,Adventure
1148,2020,WORLD OF HORROR,14.99,8.19,5583,Horror
1149,2020,恋爱绮谭~不存在的夏天~,8.99,8.19,2392,Visual Novel
1150,2020,House,9.99,8.19,1442,Horror
1151,2020,Spelunky 2,19.99,8.19,16890,Platformer
1152,2020,Island Saver,0.0,8.19,2712,Adventure
1153,2020,When The Past Was Around,7.99,8.19,2895,Hidden Object
1154,2020,I Wanna Maker,0.0,8.19,3335,Precision Platformer
1155,2020,Flowers -Le volume sur automne-,19.99,8.19,561,Visual Novel
1156,2020,DDraceNetwork,0.0,8.19,11544,Online Co-Op
1157,2020,坦率的小红帽和爱说谎的狼,0.0,8.19,934,RPG
1158,2020,Unrailed!,19.99,8.19,15952,Co-op
1159,2020,The Coma 2: Vicious Sisters,14.99,8.18,2331,Horror
1160,2020,Dictators:No Peace Countryballs,0.99,8.18,5233,Strategy
1161,2020,Propagation VR,0.0,8.18,4655,Action
1162,2020,Murder House,11.99,8.18,1670,Horror
1163,2020,Roboquest,19.99,8.18,6010,FPS
1164,2020,Wingspan,13.99,8.18,6848,Building
1165,2020,DRAGON QUEST® XI S: Echoes of an Elusive Age™ - Definitive Edition,25.99,8.18,6773,JRPG
1166,2020,Florence,5.99,8.18,9545,Casual
1167,2020,Micro Platformer,0.0,8.18,1409,Precision Platformer
1168,2020,The Procession to Calvary,9.99,8.17,758,Dark Comedy
1169,2020,Summer Memories,19.99,8.17,10678,Dating Sim
1170,2020,Soda Dungeon 2,0.0,8.17,4751,RPG
1171,2020,Stormworks: Build and Rescue,24.99,8.17,35744,Sandbox
1172,2020,DOOM Eternal,39.99,8.17,170836,Action
1173,2020,Roman's Christmas / 罗曼圣诞探案集,10.99,8.17,1383,Story Rich
1174,2020,Mini Healer,7.99,8.17,1823,Party-Based RPG
1175,2020,Mosaique Neko Waifus 2,1.99,8.16,2490,Anime
1176,2020,Into the Radius VR,29.99,8.16,7693,Survival
1177,2020,A Summer's End - Hong Kong 1986,14.99,8.16,1457,Casual
1178,2020,Ghostrunner,29.99,8.16,48413,Action
1179,2020,NOeSIS01_诉说谎言记忆物语,0.0,8.16,1033,RPG
1180,2020,One Step From Eden,19.99,8.16,6671,Action Roguelike
1181,2020,Sea of Thieves 2023 Edition,19.99,8.15,279394,Adventure
1182,2020,DOOM 64,4.99,8.15,5916,Action
1183,2020,Utawarerumono: Mask of Truth,39.99,8.15,1117,RPG
1184,2020,Littlewood,14.99,8.15,6008,Pixel Graphics
1185,2020,STORY OF SEASONS: Friends of Mineral Town,19.99,8.14,4401,Simulation
1186,2020,Shotgun Witch,0.0,8.14,872,Arena Shooter
1187,2020,Making*Lovers,14.99,8.14,570,Casual
1188,2020,The Battle of Polytopia,14.99,8.14,3299,Strategy
1189,2020,Boomerang Fu,14.99,8.13,1536,4 Player Local
1190,2020,Streets of Rage 4,24.99,8.13,15503,Action
1191,2020,Friendship with Benefits,10.99,8.13,1381,Dating Sim
1192,2020,CBT With Yuuka Kazami,0.99,8.13,849,Casual
1193,2020,Maiden and Spell,12.99,8.13,595,Action
1194,2020,Creaks,19.99,8.12,2967,Puzzle
1195,2020,Saiko no sutoka,4.99,8.12,2463,Horror
1196,2020,The White Door,3.99,8.12,4812,Adventure
1197,2020,Cyber Hook,14.99,8.12,2233,3D Platformer
1198,2020,Slap City,19.99,8.12,2802,Action
1199,2020,Penko Park,6.49,8.12,392,Creature Collector
1200,2021,Totally Accurate Battle Simulator,19.99,8.69,105034,Sandbox
1201,2021,Dyson Sphere Program,19.99,8.65,70210,Space
1202,2021,Inscryption,11.99,8.61,89413,Card Battler
1203,2021,Firework,9.99,8.6,31981,Horror
1204,2021,Rhythm Doctor,15.99,8.58,17310,Rhythm
1205,2021,Cookie Clicker,4.99,8.57,43967,Clicker
1206,2021,The Room 4: Old Sins,8.99,8.57,11907,Puzzle
1207,2021,Valheim,19.99,8.54,402684,Open World Survival Craft
1208,2021,It Takes Two,39.99,8.52,124270,Co-op
1209,2021,Resident Evil Village,19.99,8.51,92150,Survival Horror
1210,2021,Tiny Bunny,12.99,8.51,10789,Visual Novel
1211,2021,Clone Drone in the Danger Zone,19.99,8.49,22256,Robots
1212,2021,Before Your Eyes,9.99,8.48,10116,Emotional
1213,2021,Webbed,9.99,8.47,10076,2D Platformer
1214,2021,Project Kat - Paper Lily Prologue,0.0,8.47,3688,Psychological Horror
1215,2021,Word Game: Episode 0,0.0,8.47,4408,Minimalist
1216,2021,Doki Doki Literature Club Plus!,14.99,8.47,19426,Psychological Horror
1217,2021,Touhou Mystia's Izakaya,4.19,8.47,14210,Casual
1218,2021,TOEM,19.99,8.46,3537,Cozy
1219,2021,100 hidden frogs,0.0,8.46,4706,Hidden Object
1220,2021,Far Away,12.99,8.45,4924,Singleplayer
1221,2021,MADNESS: Project Nexus,24.99,8.45,11805,Gore
1222,2021,Milk outside a bag of milk outside a bag of milk,8.99,8.45,10665,Psychological Horror
1223,2021,SuchArt: Creative Space,0.0,8.44,6207,Simulation
1224,2021,Muck,0.0,8.44,143738,Survival
1225,2021,Psychonauts 2,20.39,8.43,9019,Story Rich
1226,2021,第七号列车 - Train No. 7,0.0,8.43,5535,Casual
1227,2021,Townscaper,5.99,8.42,18454,Controller
1228,2021,Cruelty Squad,19.99,8.42,10311,Capitalism
1229,2021,Mon Bazou,15.99,8.41,8096,Choose Your Own Adventure
1230,2021,Aventura Copilului Albastru și Urât,1.99,8.41,2312,Anime
1231,2021,Find Love or Die Trying,0.0,8.41,8797,Dating Sim
1232,2021,The Last Campfire,14.99,8.4,5348,Puzzle
1233,2021,Purrgatory,0.0,8.4,2633,Visual Novel
1234,2021,死寂（Deathly Stillness）,0.0,8.39,17106,Zombies
1235,2021,Car Mechanic Simulator 2021,24.99,8.39,19052,Simulation
1236,2021,Paint the Town Red,19.99,8.39,22286,Gore
1237,2021,Alpaca Stacka,0.0,8.39,4859,Exploration
1238,2021,Snake Force,0.0,8.39,4465,Action
1239,2021,星空列车与白的旅行,19.99,8.39,2123,Visual Novel
1240,2021,The Planet Crafter: Prologue,0.0,8.39,8895,Survival
1241,2021,OPUS: Echo of Starsong - Full Bloom Edition,24.99,8.39,6710,Visual Novel
1242,2021,Mini Motorways,9.99,8.38,15916,Strategy
1243,2021,BAD END THEATER,9.99,8.37,4949,Multiple Endings
1244,2021,UNBEATABLE [white label],0.0,8.37,7182,Rhythm
1245,2021,Gunfire Reborn,19.99,8.37,85161,FPS
1246,2021,LoveChoice,1.99,8.36,20660,Romance
1247,2021,ROUNDS,5.99,8.36,17571,Fighting
1248,2021,The Rewinder,14.99,8.35,5399,Adventure
1249,2021,枝江往事,0.0,8.35,4985,Casual
1250,2021,The Forgotten City,24.99,8.35,7471,Adventure
1251,2021,Impostor Factory,9.99,8.35,8911,Story Rich
1252,2021,Marvel's Guardians of the Galaxy,59.99,8.35,25993,Story Rich
1253,2021,Milo and the Magpies,1.99,8.34,2148,Adventure
1254,2021,Touhou Hero of Ice Fairy: Prologue,0.0,8.34,2812,Action
1255,2021,Walkabout Mini Golf VR,14.99,8.34,2214,Sports
1256,2021,At Home Alone Final,0.0,8.34,4468,RPG
1257,2021,WorldBox - God Simulator,19.99,8.34,23164,God Game
1258,2021,Little Nightmares II,29.99,8.34,26758,Horror
1259,2021,ENDER LILIES: Quietus of the Knights,13.74,8.34,24253,Metroidvania
1260,2021,Dagon: by H. P. Lovecraft,0.0,8.34,9261,Horror
1261,2021,Tales from the Borderlands,19.99,8.33,16631,Comedy
1262,2021,Everhood,9.99,8.32,10180,Great Soundtrack
1263,2021,Sword and Fairy,4.99,8.31,2868,RPG
1264,2021,Lay a Beauty to Rest: The Darkness Peach Blossom Spring,13.99,8.31,4450,Adventure
1265,2021,Scarlet Hollow,24.99,8.31,1241,Choices Matter
1266,2021,Wildermyth,24.99,8.31,14847,Party-Based RPG
1267,2021,My Singing Monsters,0.0,8.31,28789,Simulation
1268,2021,Super Animal Royale,0.0,8.31,35752,Battle Royale
1269,2021,pureya,5.99,8.31,2004,Minigames
1270,2021,HROT,19.99,8.31,2758,Retro
1271,2021,Chicory: A Colorful Tale,19.99,8.31,2299,Adventure
1272,2021,Timberborn,24.99,8.29,17864,City Builder
1273,2021,SUPER CHICKEN JUMPER,2.99,8.29,2898,Difficult
1274,2021,Samorost 1,0.0,8.28,3351,Casual
1275,2021,Bang-On Balls: Chronicles,21.99,8.28,2446,Adventure
1276,2021,Griftlands,19.99,8.28,12652,Card Battler
1277,2021,Crab Game,0.0,8.28,145921,Psychological Horror
1278,2021,小白兔电商~Bunny e-Shop,10.99,8.27,9476,Capitalism
1279,2021,Swallow the Sea,0.0,8.27,1773,Action
1280,2021,Touhou Kouryudou ~ Unconnected Marketeers.,14.99,8.27,1652,Bullet Hell
1281,2021,Voidigo,14.99,8.27,1900,Action Roguelike
1282,2021,I MAED A GAM3 W1TH Z0MB1ES 1N IT!!!1,0.0,8.27,1304,Zombies
1283,2021,Mitoza,0.0,8.26,2586,Surreal
1284,2021,Loop Hero,4.94,8.26,30945,Tactical
1285,2021,Days Gone,49.99,8.25,59417,Open World
1286,2021,Cyber Manhunt,9.99,8.25,12105,Simulation
1287,2021,Skul: The Hero Slayer,19.99,8.25,42441,Action
1288,2021,Behind the Frame: The Finest Scenery,12.99,8.24,4177,Atmospheric
1289,2021,Tetris® Effect: Connected,39.99,8.23,5236,Puzzle
1290,2021,Library Of Ruina,29.99,8.23,19460,Story Rich
1291,2021,Turnip Boy Commits Tax Evasion,14.99,8.23,8559,Adventure
1292,2021,英雄黄昏-文字三国志&曹贼模拟器,0.0,8.23,1787,Word Game
1293,2021,Geometry Arena,5.99,8.23,2193,Roguelite
1294,2021,Jerma's Big Adventure,0.0,8.23,1027,Comedy
1295,2021,Knights College,16.24,8.22,1688,Story Rich
1296,2021,Mosaique Neko Waifus 4,1.99,8.22,4453,Anime
1297,2021,Death's Door,9.99,8.21,13252,Action
1298,2021,OnlyCans: Thirst Date,0.0,8.21,2662,Psychological Horror
1299,2021,Duck Simulator 2,0.0,8.21,1990,Simulation
1300,2021,Bitburner,0.0,8.21,4939,Programming
1301,2021,Dogs Organized Neatly,2.99,8.21,777,Casual
1302,2021,SNKRX,2.99,8.21,3965,Action Roguelike
1303,2021,Sizeable,9.99,8.21,850,Casual
1304,2021,Kinkoi: Golden Loveriche,23.44,8.2,1305,Casual
1305,2021,Bishojo Mangekyo Kotowari to Meikyu no Shojo,29.99,8.2,2483,FPS
1306,2021,Ready or Not,39.99,8.2,103788,Tactical
1307,2021,Bright Memory: Infinite,19.99,8.2,34282,Action
1308,2021,Perfect Gold - Yuri Visual Novel,7.99,8.2,852,Visual Novel
1309,2021,The Great Ace Attorney Chronicles,19.99,8.2,4919,Visual Novel
1310,2021,Billionaire Lovers,2.39,8.2,3138,Visual Novel
1311,2021,Death Trash,19.99,8.19,2984,Post-apocalyptic
1312,2021,Escape Simulator,14.99,8.19,11048,Puzzle
1313,2021,Heavenly Bodies,19.99,8.18,2112,Physics
1314,2021,DRAMAtical Murder,19.99,8.18,1903,Story Rich
1315,2021,坏小孩,2.99,8.18,1337,Puzzle Platformer
1316,2021,Tree Simulator 2022,5.99,8.18,1172,Action
1317,2021,DEVOUR,4.99,8.18,60832,Horror
1318,2021,The Legend of Tianding,19.99,8.18,2459,Adventure
1319,2021,Letters From a Rainy Day -Oceans and Lace-,16.99,8.18,688,Adventure
1320,2021,Labyrinth City: Pierre the Maze Detective,11.99,8.18,1797,Adventure
1321,2021,Toree 2,0.99,8.17,685,Action
1322,2021,Zeepkist,10.19,8.17,961,Racing
1323,2021,Redmatch 2,0.0,8.17,8808,Arena Shooter
1324,2021,Karryn's Prison,29.99,8.17,2385,Dating Sim
1325,2021,Northern Journey,11.99,8.17,1148,FPS
1326,2021,Quickie: A Love Hotel Story,19.99,8.17,1224,Dating Sim
1327,2021,Mass Effect™ Legendary Edition,59.99,8.16,35541,Story Rich
1328,2021,The Darkside Detective: A Fumble in the Dark,14.99,8.16,1181,Story Rich
1329,2021,9-nine-:Episode 4,19.99,8.16,690,Casual
1330,2021,Subnautica: Below Zero,12.59,8.15,76418,Open World Survival Craft
1331,2021,The Chrono Jotter,11.99,8.15,1394,Visual Novel
1332,2021,Unpacking,19.99,8.15,19796,Relaxing
1333,2021,Cleo - a pirate's tale,14.99,8.14,488,Point & Click
1334,2021,FINAL FANTASY,11.99,8.14,4716,JRPG
1335,2021,Brutal Orchestra,19.99,8.14,807,RPG
1336,2021,ElecHead,9.99,8.14,649,Puzzle Platformer
1337,2021,NOeSIS02_羽化,0.0,8.14,399,RPG
1338,2021,Dead Estate,8.99,8.14,3240,Action Roguelike
1339,2021,PARQUET,11.38,8.14,1791,Visual Novel
1340,2021,Motor Town: Behind The Wheel,19.99,8.13,2652,Open World
1341,2021,"If On A Winter's Night, Four Travelers",0.0,8.13,1537,Point & Click
1342,2021,Toree 3D,0.99,8.13,1119,3D Platformer
1343,2021,Cloud Gardens,11.69,8.13,1893,Nature
1344,2021,Sprocket,19.99,8.13,6850,Sandbox
1345,2021,I'm on Observation Duty 4,4.99,8.13,549,Psychological Horror
1346,2021,The Advisor - Episode 1: Royal Pain,2.99,8.12,524,Choose Your Own Adventure
1347,2021,In Sound Mind,34.99,8.12,2566,Horror
1348,2021,Ragnarock,24.99,8.12,2516,Rhythm
1349,2021,Moncage,14.99,8.12,4339,Puzzle
1350,2022,Vampire Survivors,4.99,8.8,194926,Action Roguelike
1351,2022,Stray,29.99,8.66,116958,Cats
1352,2022,God of War,49.99,8.61,100667,Action
1353,2022,PowerWash Simulator,24.99,8.58,34889,Casual
1354,2022,Persona 5 Royal,38.99,8.55,35406,JRPG
1355,2022,Marvel’s Spider-Man Remastered,59.99,8.55,61926,Superhero
1356,2022,Teardown,29.99,8.54,68915,Destruction
1357,2022,Brotato,4.99,8.53,33265,Action Roguelike
1358,2022,Neon White,24.99,8.52,11071,Action
1359,2022,Placid Plastic Duck Simulator,1.99,8.5,7823,Cute
1360,2022,Dorfromantik,13.99,8.5,22523,Turn-Based Strategy
1361,2022,The Looker,0.0,8.48,11357,Puzzle
1362,2022,DAVE THE DIVER,19.99,8.47,11273,Casual
1363,2022,Wobbledogs,19.99,8.46,6648,Wholesome
1364,2022,Stacklands,4.99,8.46,18882,Card Battler
1365,2022,CULTIC,9.99,8.46,3956,FPS
1366,2022,Trombone Champ,14.99,8.46,6456,Rhythm
1367,2022,The Planet Crafter,19.99,8.44,20196,Story Rich
1368,2022,The Case of the Golden Idol,17.99,8.44,3389,Mystery
1369,2022,Metal: Hellsinger,29.99,8.43,9381,Rhythm
1370,2022,ASTLIBRA Revision,24.99,8.43,14702,Action RPG
1371,2022,Raft,19.99,8.42,265526,Survival
1372,2022,Patrick's Parabox,19.99,8.42,2368,Puzzle
1373,2022,Ib,12.99,8.41,2505,Horror
1374,2022,Lil Gator Game,19.99,8.41,2192,Casual
1375,2022,A Building Full of Cats,1.99,8.39,2363,Cats
1376,2022,Dungeon Munchies,19.99,8.39,5924,Action
1377,2022,FreshWomen - Season 1,13.99,8.38,11467,Dating Sim
1378,2022,NEEDY STREAMER OVERLOAD,9.59,8.38,22376,Psychological Horror
1379,2022,A Castle Full of Cats,2.99,8.37,1740,Cats
1380,2022,PlateUp!,17.99,8.37,12468,Co-op
1381,2022,Monster Prom 3: Monster Roadtrip,11.99,8.37,2098,Visual Novel
1382,2022,Outcore: Desktop Adventure,0.0,8.37,4897,Story Rich
1383,2022,Retrowave,2.99,8.37,13143,Racing
1384,2022,SIGNALIS,19.99,8.36,7212,Survival Horror
1385,2022,SuchArt: Genius Artist Simulator,24.99,8.36,3422,Design & Illustration
1386,2022,Lost in Play,19.99,8.36,2612,Puzzle
1387,2022,Slime Rancher 2,29.99,8.36,19660,Cute
1388,2022,Bugsnax,14.99,8.36,3338,Psychological Horror
1389,2022,Dwarf Fortress,29.99,8.35,20044,Colony Sim
1390,2022,Monument Valley: Panoramic Edition,7.99,8.35,2021,Adventure
1391,2022,Outpath: First Journey,0.0,8.35,3002,Base Building
1392,2022,Cult of the Lamb,16.24,8.34,49896,Character Customization
1393,2022,Aperture Desk Job,0.0,8.34,19160,Singleplayer
1394,2022,Café Stella and the Reaper's Butterflies,26.94,8.34,2301,Visual Novel
1395,2022,Sucker for Love: First Date,9.99,8.34,2077,Anime
1396,2022,ELDEN RING,59.99,8.33,669261,Souls-like
1397,2022,Tiny Rogues,5.99,8.33,3044,Action Roguelike
1398,2022,Kaiju Princess,10.99,8.32,4077,Dating Sim
1399,2022,Tsuki ni Yorisou Otome no Sahou,39.99,8.32,1964,Visual Novel
1400,2022,Dinkum,19.99,8.32,15954,Adventure
1401,2022,Ticy Adventure Club,0.0,8.32,1870,RPG
1402,2022,Frog Detective 3: Corruption at Cowboy County,4.99,8.32,1090,Comedy
1403,2022,Against the Storm,29.99,8.32,10497,Strategy
1404,2022,Will You Snail?,14.99,8.31,2239,Artificial Intelligence
1405,2022,Aokana - Four Rhythms Across the Blue - EXTRA2,21.24,8.31,952,Visual Novel
1406,2022,POSTAL: Brain Damaged,19.99,8.31,4917,Funny
1407,2022,枝江畔之梦,0.0,8.3,1464,Casual
1408,2022,Chop Goblins,4.99,8.29,1401,Old School
1409,2022,Tinykin,24.99,8.29,1185,Cute
1410,2022,Dialtown: Phone Dating Sim,7.99,8.28,1009,Casual
1411,2022,The Stanley Parable: Ultra Deluxe,12.49,8.28,20726,Multiple Endings
1412,2022,Cosmoteer: Starship Architect & Commander,19.99,8.28,6562,Building
1413,2022,Farmer Against Potatoes Idle,0.0,8.28,3299,Idler
1414,2022,Symphony of War: The Nephilim Saga,12.99,8.27,7413,RPG
1415,2022,Beacon Pines,19.99,8.27,1335,Visual Novel
1416,2022,Strange Horticulture,8.99,8.27,6961,Mystery
1417,2022,私のリアルは充実しすぎている フルボイス版,8.49,8.27,2409,Otome
1418,2022,The Past Within,5.99,8.26,10182,Co-op
1419,2022,Save Room - Organization Puzzle,2.99,8.26,1722,Puzzle
1420,2022,Judgment,27.99,8.26,4453,Action
1421,2022,Nightmare of Decay,4.99,8.26,2561,Action
1422,2022,Soulstone Survivors: Prologue,0.0,8.26,4030,Action Roguelike
1423,2022,Disney Dreamlight Valley,29.99,8.26,11410,Relaxing
1424,2022,COMPOUND,19.99,8.25,1790,Action
1425,2022,I Was a Teenage Exocolonist,24.99,8.25,1666,Choices Matter
1426,2022,Nova Lands: Emilia's Mission,0.0,8.25,1568,Adventure
1427,2022,Animal Revolt Battle Simulator,7.49,8.25,4173,Sandbox
1428,2022,Bendy and the Dark Revival,29.99,8.25,7535,Horror
1429,2022,REFLEXIA Prototype ver.,0.0,8.25,2145,Visual Novel
1430,2022,Supraland Six Inches Under,19.99,8.25,2312,Puzzle
1431,2022,Spaceflight Simulator,11.99,8.24,2926,Sandbox
1432,2022,SANABI,14.99,8.24,2585,Action
1433,2022,BABBDI,0.0,8.23,1480,Casual
1434,2022,Not For Broadcast,24.99,8.23,9299,Adventure
1435,2022,Teenage Mutant Ninja Turtles: Shredder's Revenge,24.99,8.23,11088,Beat 'em up
1436,2022,Sonic Frontiers,40.19,8.22,16726,Great Soundtrack
1437,2022,Marvel’s Spider-Man: Miles Morales,49.99,8.22,15476,Action
1438,2022,Pages of Time: Prologue,0.0,8.22,1465,Adventure
1439,2022,POPGOES Arcade,4.99,8.22,1097,RPG
1440,2022,Pentiment,13.39,8.22,3025,Adventure
1441,2022,The Upturned,9.99,8.22,635,Physics
1442,2022,Shadows Over Loathing,22.99,8.21,2137,Adventure
1443,2022,FAITH: The Unholy Trinity,14.99,8.21,2971,Horror
1444,2022,Love Delivery,14.99,8.21,2112,Dating Sim
1445,2022,BROK the InvestiGator,19.99,8.21,734,Adventure
1446,2022,daydream 白日夢,0.0,8.21,699,Casual
1447,2022,Lily's Well,0.0,8.21,1421,Horror
1448,2022,Insomnia: Theater in the Head,1.99,8.21,1116,Psychological
1449,2022,Super Lesbian Animal RPG,14.99,8.2,588,Story Rich
1450,2022,Spark the Electric Jester 3,24.99,8.2,1154,3D
1451,2022,Lost Judgment,38.99,8.2,2989,Action
1452,2022,A Taste of the Past,0.0,8.2,1009,Adventure
1453,2022,Resonance of the Ocean,0.0,8.2,867,Relaxing
1454,2022,The Complex: Found Footage,0.0,8.19,5465,Horror
1455,2022,暖雪 Warm Snow,13.49,8.19,26418,Action Roguelike
1456,2022,Leap of Faith,10.99,8.18,1322,Dating Sim
1457,2022,Sudocats,1.99,8.18,601,Casual
1458,2022,魔卡幻想（Heroines Fantasy Inherit）,0.0,8.18,678,Strategy
1459,2022,Warsim: The Realm of Aslona,6.49,8.18,1174,Text-Based
1460,2022,Klonoa Phantasy Reverie Series,23.99,8.18,1254,Adventure
1461,2022,DEATH STRANDING DIRECTOR'S CUT,39.99,8.18,16713,Story Rich
1462,2022,Roadwarden,10.99,8.18,1869,RPG
1463,2022,Zodiacats,1.59,8.17,465,Cats
1464,2022,Lunacid,6.99,8.17,1783,Dungeon Crawler
1465,2022,Ever Seen A Cat?,1.39,8.17,518,Cats
1466,2022,Ember Knights,14.99,8.17,2147,Action Roguelike
1467,2022,Prodeus,24.99,8.17,5164,FPS
1468,2022,Treasure of Nadia,14.99,8.17,4614,Dating Sim
1469,2022,Magical Girl Celesphonia,19.99,8.17,1594,Dating Sim
1470,2022,20 Minutes Till Dawn,4.99,8.16,20007,Action Roguelike
1471,2022,恋爱绮谭 不存在的真相,13.99,8.16,1422,Interactive Fiction
1472,2022,Dungeon Alchemist,44.99,8.16,1649,Software
1473,2022,Capybara Spa,7.99,8.16,1066,Simulation
1474,2022,所向之未来 - Towards Future,0.0,8.16,488,RPG
1475,2022,Last Command,14.99,8.15,1354,Bullet Hell
1476,2022,Cave Crawler,0.0,8.15,2615,2D Platformer
1477,2022,Turbo Overkill,17.99,8.15,1805,FPS
1478,2022,Melatonin,14.99,8.15,2389,Rhythm
1479,2022,Baldi's Basics Classic Remastered,0.0,8.15,4490,Horror
1480,2022,One-armed cook,0.0,8.15,11399,Simulation
1481,2022,LEGO® Star Wars™: The Skywalker Saga,19.99,8.14,37339,LEGO
1482,2022,The Legend of Heroes: Trails from Zero,31.99,8.14,671,RPG
1483,2022,Her New Memory - Hentai Simulator,9.99,8.14,3378,Dating Sim
1484,2022,Word Game,34.99,8.14,5029,Exploration
1485,2022,Tribal Hunter,14.99,8.14,1086,Action
1486,2022,My Sticker Book,0.0,8.14,811,Puzzle
1487,2022,Cut,0.0,8.13,1040,2D
1488,2022,Lunistice,4.99,8.13,865,3D Platformer
1489,2022,瘟疫清零计划 Project Zero,0.0,8.13,2507,Action Roguelike
1490,2022,14 Minesweeper Variants,6.99,8.13,462,Puzzle
1491,2022,Potion Craft: Alchemist Simulator,14.99,8.12,20489,Singleplayer
1492,2022,Wylde Flowers,24.99,8.12,822,Cozy
1493,2022,Acquitted,7.95,8.12,780,Action
1494,2022,How Fish Is Made,0.0,8.12,2222,Surreal
1495,2022,click to ten,0.0,8.12,2327,Psychological Horror
1496,2022,Weird RPG,10.99,8.12,3135,RPG
1497,2022,Card Survival: Tropical Island,24.99,8.12,1371,Adventure
1498,2022,TUNIC,29.99,8.12,8524,Exploration
1499,2022,Citizen Sleeper,19.99,8.12,3338,Narrative
